Movie,MyRating,LBRating,Difference,ReviewDate,MovieLength,LengthInHour,Languages,Director,ReleaseYear,Genre,Country,NumberOfReviews,NumberOfRatings,Actors
Don't Worry Darling,3.0,3.06,-0.06,11/10/2022,123,2:03,English,Olivia Wilde,2022,"Thriller,Mystery,Science Fiction",USA,140479,311418,"Florence Pugh,Harry Styles,Chris Pine,Olivia Wilde,Gemma Chan,KiKi Layne,Nick Kroll,Kate Berlant,Timothy Simons,Asif Ali,Sydney Chandler,Douglas Smith,Ari'el Stachel,Dita Von Teese,Daisy Sudeikis,Marcello Julian Reyes"
Barbarian,1.0,3.72,-2.72,10/20/2022,103,1:43,English,Zach Cregger,2022,"Horror,Thriller",USA,125833,305211,"Georgina Campbell,Bill Skarsgård,Justin Long,Matthew Patrick Davis,Richard Brake,Kurt Braunohler,Jaymes Butler,Sophie Sörensen,Rachel Fowler,J.R. Esposito,Kate Nichols,Kate Bosworth,Brooke Dillman"
Nope,3.5,3.89,-0.39,,130,2:10,English,Jordan Peele,2022,"Thriller,Mystery,Science Fiction,Horror",Japan,206806,584999,"Daniel Kaluuya,Keke Palmer,Brandon Perea,Steven Yeun,Michael Wincott,Wrenn Schmidt,Barbie Ferreira,Terry Notary,Devon Graye,Donna Mills,Oz Perkins,Eddie Jemison"
Aftersun,,4.17,,,102,1:42,"English,Turkish",Charlotte Wells,2022,Drama,Turkey,12508,28206,"Frankie Corio,Paul Mescal,Celia Rowlson-Hall,Sally Messham,Ayşe Parlak,Sophia Lamanova,Brooklyn Toulson,Spike Fearn,Harry Perdios,Frank Corio,Ruby Thompson,Ethan James Smith,Onur Ekşioğlu"
Top Gun: Maverick,5.0,4.13,0.87,,131,2:11,English,Joseph Kosinski,2022,"Drama,Action",USA,169281,481787,"Tom Cruise,Miles Teller,Jennifer Connelly,Jon Hamm,Glen Powell,Ed Harris,Val Kilmer,Lewis Pullman,Charles Parnell,Bashir Salahuddin,Monica Barbaro,Jay Ellis,Danny Ramirez,Jack Schumacher,Manny Jacinto,Kara Wang,Greg Tarzan Davis,Jake Picking,Raymond Lee"
Everything Everywhere All at Once,4.0,4.45,-0.45,,140,2:20,"English,Cantonese,Chinese",Daniel Scheinert,2022,"Adventure,Action,Science Fiction",USA,280353,770507,"Michelle Yeoh,Ke Huy Quan,Stephanie Hsu,James Hong,Jamie Lee Curtis,Tallie Medel,Jenny Slate,Harry Shum Jr.,Biff Wiff,Anthony Molinari,Peter Banifaz,Audrey Wasilewski,Andy Le,Brian Le,Daniel Scheinert,Sunita Mani"
The Batman,2.0,4.07,-2.07,,177,2:57,English,Matt Reeves,2022,"Mystery,Thriller,Crime",USA,329896,1095122,"Robert Pattinson,Zoë Kravitz,Paul Dano,Jeffrey Wright,John Turturro,Peter Sarsgaard,Andy Serkis,Colin Farrell,Jayme Lawson,Gil Perez-Abraham,Peter McDonald,Con O'Neill,Alex Ferns,Rupert Penry-Jones,Charlie Carver,Max Carver,Barry Keoghan,Kosha Engler,Archie Barnes,Janine Harouni,Hana Hrzic,Joseph Walker,Luke Roberts,Oscar Novak,Stella Stocker,Sandra Dickinson,Jack Bennett,Andre Nightingale,Richard James-Neale,Lorraine Tai,Joseph Balderrama,James Eeles,Dave Simon"
Spider-Man: No Way Home,2.5,4.04,-1.54,,148,2:28,"English,Tagalog",Jon Watts,2021,"Action,Adventure,Science Fiction",USA,267550,1061993,"Tom Holland,Zendaya,Benedict Cumberbatch,Jacob Batalon,Jon Favreau,Jamie Foxx,Willem Dafoe,Alfred Molina,Benedict Wong,Tony Revolori,Marisa Tomei,Andrew Garfield,Tobey Maguire,Angourie Rice,Arian Moayed,Paula Newsome,Hannibal Buress,Martin Starr,J.B. Smoove,J.K. Simmons,Rhys Ifans,Charlie Cox,Thomas Haden Church,Haroon Kahn"
Don't Look Up,1.0,3.12,-2.12,,138,2:18,English,Adam McKay,2021,"Science Fiction,Comedy",USA,170521,795179,"Jennifer Lawrence,Leonardo DiCaprio,Meryl Streep,Rob Morgan,Jonah Hill,Cate Blanchett,Mark Rylance,Tyler Perry,Timothée Chalamet,Ron Perlman,Ariana Grande,Kid Cudi,Himesh Patel,Melanie Lynskey,Michael Chiklis,Tomer Sisley,Paul Guilfoyle,Robert Joy,Jack Alberts,Ting Lik,Lance A. Williams,Shimali de Silva,Hettienne Park,Rafael Silva,Lonnie Farmer,Homa Sarabi Daunis,Barbara Douglass"
Encanto,4.0,3.69,0.31,,102,1:42,"English,Spanish",Byron Howard,2021,"Animation,Comedy,Family,Fantasy",USA,126120,513266,"Stephanie Beatriz,María Cecilia Botero,John Leguizamo,Mauro Castillo,Jessica Darrow,Angie Cepeda,Carolina Gaitán,Diane Guerrero,Wilmer Valderrama,Rhenzy Feliz,Ravi Cabot-Conyers,Adassa,Maluma,Rose Portillo,Juan Castano,Sarah-Nicole Robles,Hector Elias,Alan Tudyk,Olga Merediz"
Dune,2.0,3.96,-1.96,,155,2:35,"English,Chinese",Denis Villeneuve,2021,"Science Fiction,Adventure",USA,212747,871982,"Timothée Chalamet,Rebecca Ferguson,Oscar Isaac,Josh Brolin,Stellan Skarsgård,Dave Bautista,Sharon Duncan-Brewster,Stephen McKinley Henderson,Zendaya,Chang Chen,Charlotte Rampling,Jason Momoa,Javier Bardem,David Dastmalchian,Babs Olusanmokun,Golda Rosheuvel"
Shang-Chi and the Legend of the Ten Rings,2.0,3.65,-1.65,,132,2:12,"English,Chinese",Destin Daniel Cretton,2021,"Fantasy,Adventure,Action",USA,114440,537139,"Simu Liu,Tony Leung Chiu-wai,Awkwafina,Zhang Meng'er,Fala Chen,Michelle Yeoh,Yuen Wah,Ben Kingsley,Florian Munteanu,Andy Le,Paul He,Jayden Tianyi Zhang,Elodie Fong,Arnold Sun,Stephanie Hsu"
Tenet,5.0,3.42,1.58,,150,2:30,"English,Estonian",Christopher Nolan,2020,"Science Fiction,Action,Thriller",UK,128903,583408,"John David Washington,Robert Pattinson,Elizabeth Debicki,Kenneth Branagh,Dimple Kapadia,Himesh Patel,Aaron Taylor-Johnson,Michael Caine,Clémence Poésy,Martin Donovan,Andrew Howard,Yuri Kolokolnikov,Mark Krenik,Anthony Molinari,Rich Ceraulo Ko,Denzil Smith,Jonathan Camp,Julia-Maria Arnolds,Laurie Shepherd,Wes Chatham,Fiona Dourif,Kenneth Wolf Andersen Haugen,Marcel Sabat,Marek Angelstok,Klaus Peeter Rüütli"
Little Women,3.5,4.16,-0.66,,135,2:15,"English,French",Greta Gerwig,2019,"History,Drama,Romance",USA,127764,684008,"Saoirse Ronan,Florence Pugh,Emma Watson,Eliza Scanlen,Laura Dern,Timothée Chalamet,Meryl Streep,Tracy Letts,Bob Odenkirk,James Norton,Louis Garrel,Jayne Houdyshell,Chris Cooper,Rafael Silva,Mason Alban,Emily Edström,Maryann Plunkett,Hadley Robinson,Lonnie Farmer,Charlotte Kinder,Ana Kayne,Edgar Damatian"
Knives Out,1.0,4.05,-3.05,,131,2:11,"English,Spanish",Rian Johnson,2019,"Comedy,Mystery,Crime",USA,165282,1187062,"Daniel Craig,Chris Evans,Ana de Armas,Jamie Lee Curtis,Michael Shannon,Don Johnson,Toni Collette,Lakeith Stanfield,Christopher Plummer,Katherine Langford,Jaeden Martell,Riki Lindhome,Edi Patterson"
Joker,4.0,3.89,0.11,,122,2:02,English,Todd Phillips,2019,"Crime,Drama,Thriller",Canada,145953,1404906,"Joaquin Phoenix,Robert De Niro,Zazie Beetz,Frances Conroy,Brett Cullen,Shea Whigham,Bill Camp,Glenn Fleshler,Leigh Gill,Josh Pais,Rocco Luna,Marc Maron,Sondra James,Murphy Guyer,Douglas Hodge,Dante Pereira-Olson,Carrie Louise Putrello,Sharon Washington,Hannah Gross,Frank Wood,Brian Tyree Henry,April Grace,Mick Szal,Carl Lundstedt,Michael Benz,Ben Warheit,Gary Gulman,Sam Morril,Chris Redd,Mandela Bellamy,Demetrius Dotson II,Greer Barnes"
Uncut Gems,5.0,3.93,1.07,,136,2:16,English,Josh Safdie,2019,"Drama,Crime,Thriller",USA,118767,660476,"Adam Sandler,Lakeith Stanfield,Julia Fox,Kevin Garnett,Idina Menzel,Eric Bogosian,Judd Hirsch,Keith Williams Richards,Mike Francesa,Jonathan Aranbayev,Noa Fisher,The Weeknd,Mesfin Lamengo,Sun Zhi Hua-Hilton,Liang Wei-Hui-Duncan,Daneke Muhugeta,Habtunu Africho,Warren Finkelstein,Tommy Kominik,Maksud Agadjani,Ca$h Out,Andrea Linsky,Roman Persits,Pom Klementieff,Paloma Elsesser,Sean Ringgold,Jeremy Sample,Todd Vulpio,Damany Eastman,Gerard ""Dash"" McQuiller,Arthur Borukhov,Darien Howard"
Marriage Story,2.0,3.99,-1.99,,137,2:17,English,Noah Baumbach,2019,Drama,UK,87324,634526,"Adam Driver,Scarlett Johansson,Laura Dern,Alan Alda,Ray Liotta,Julie Hagerty,Merritt Wever,Azhy Robertson,Wallace Shawn,Martha Kelly,Mark O'Brien,Julia Greer,Matthew Maher,Eric Berryman,Mickey Sumner,Jasmine Cephas Jones,Gideon Glick,Motell Gyn Foster,David Turner,Raymond J. Lee,Mary Wiseman,Pete Simpson"
Spider-Man: Far From Home,2.0,3.5,-1.50,,129,2:09,"English,Czech,Dutch,German,Italian",Jon Watts,2019,"Adventure,Science Fiction,Action",USA,83391,766744,"Tom Holland,Samuel L. Jackson,Jake Gyllenhaal,Marisa Tomei,Jon Favreau,Zendaya,Jacob Batalon,Tony Revolori,Angourie Rice,Remy Hii,Martin Starr,J.B. Smoove,Jorge Lendeborg Jr.,Cobie Smulders,Numan Acar,Zach Barack,Zoha Rahman,Yasmin Mwanza,Joshua Sinclair-Evans,Tyler Luke Cunningham,Sebastián Viveros,Toni Garrn,Peter Billingsley,Clare Dunne,Nicholas Gleaves,Claire Rushbrook,J.K. Simmons,Dawn Michelle King,Jeroen van Koningsbrugge,Michael de Roos,Jan-Paul Buijs,Sergio Pierattini,Anjana Vasan,Brian Law,Evelyn Mok,Tatiana Lunardon,Giada Benedetti,Lukáš Bech,Alessandro Giuggioli,Petr Opava,Giuseppe Andriolo,Pat Kiernan,Shari Abdul,Maria Alexandrova,Kristen Alminta,Vincent Angel,Peter Arpesella,Lasco Atkins,Sitara Attaie,Peter Bankolé,Blair Barnette,Tuwaine Barrett,Anna Benamati,Pierre Bergman,Avondre E.D. Beverley,Bruno Bilotta,Sharon Blynn,Luigi Boccanfuso,Paolo Braghetto,Dante Brattelli,Jeff Bridges,Graham Burton,Ken Byrd,Sokol Cahani"
Midsommar,5.0,3.85,1.15,,147,2:27,"English,Swedish",Ari Aster,2019,"Drama,Horror,Mystery",Sweden,178338,1064634,"Florence Pugh,Jack Reynor,William Jackson Harper,Will Poulter,Vilhelm Blomgren,Isabelle Grill,Gunnel Fred,Ellora Torchia,Archie Madekwe,Henrik Norlén,Agnes Westerlund Rase,Julia Ragnarsson,Mats Blomgren,Lars Väringer,Anna Åström"
Once Upon a Time… in Hollywood,4.0,3.78,0.22,,162,2:42,"English,Italian,Spanish",Quentin Tarantino,2019,"Thriller,Comedy,Drama",China,121785,967831,"Leonardo DiCaprio,Brad Pitt,Margot Robbie,Emile Hirsch,Margaret Qualley,Timothy Olyphant,Julia Butters,Austin Butler,Dakota Fanning,Bruce Dern,Mike Moh,Luke Perry,Damian Lewis,Al Pacino,Nicholas Hammond,Samantha Robinson,Rafał Zawierucha,Lorenza Izzo,Costa Ronin,Damon Herriman,Lena Dunham,Madisen Beaty,Mikey Madison,James Landry Hébert,Maya Hawke,Victoria Pedretti,Sydney Sweeney,Harley Quinn Smith,Dallas Jay Hunter,Kansas Bowling,Parker Love Bowling,Cassidy Vick Hice,Ruby Rose Skotchdopole,Danielle Harris,Josephine Valentina Clark,Scoot McNairy,Clifton Collins Jr.,Marco Rodríguez,Ramón Franco,Raúl Cardona"
Parasite,5.0,4.58,0.42,,133,2:13,"Korean,English,German",Bong Joon-ho,2019,"Comedy,Drama,Thriller",South Korea,191511,1510817,"Song Kang-ho,Lee Sun-kyun,Cho Yeo-jeong,Choi Woo-shik,Park So-dam,Lee Jung-eun,Jang Hye-jin,Park Myung-hoon,Jung Ji-so,Jung Hyeon-jun,Park Keun-rok,Jung Yi-seo,Cho Jae-myung,Jeong Ik-han,Kim Gyu-baek,Ahn Seong-bong,Yoon Young-woo,Park Jae-wook"
Avengers: Endgame,5.0,3.93,1.07,,181,3:01,"English,Japanese,Xhosa",Anthony Russo,2019,"Adventure,Science Fiction,Action",USA,102490,1017756,"Robert Downey Jr.,Chris Evans,Mark Ruffalo,Chris Hemsworth,Scarlett Johansson,Jeremy Renner,Don Cheadle,Paul Rudd,Benedict Cumberbatch,Chadwick Boseman,Brie Larson,Tom Holland,Karen Gillan,Zoe Saldaña,Evangeline Lilly,Tessa Thompson,Rene Russo,Elizabeth Olsen,Anthony Mackie,Sebastian Stan,Tom Hiddleston,Danai Gurira,Benedict Wong,Pom Klementieff,Dave Bautista,Letitia Wright,John Slattery,Tilda Swinton,Jon Favreau,Hayley Atwell,Natalie Portman,Marisa Tomei,Taika Waititi,Angela Bassett,Michael Douglas,Michelle Pfeiffer,William Hurt,Cobie Smulders,Sean Gunn,Winston Duke,Linda Cardellini,Maximiliano Hernández,Frank Grillo,Hiroyuki Sanada,Tom Vaughan-Lawlor"
Booksmart,5.0,3.83,1.17,,102,1:42,"English,Chinese,Spanish",Olivia Wilde,2019,Comedy,USA,87068,457751,"Kaitlyn Dever,Beanie Feldstein,Jessica Williams,Jason Sudeikis,Lisa Kudrow,Will Forte,Victoria Ruesga,Mason Gooding,Skyler Gisondo,Diana Silvers,Molly Gordon,Billie Lourd"
Us,4.5,3.73,0.77,,116,1:56,English,Jordan Peele,2019,"Horror,Mystery,Thriller",USA,87156,731099,"Lupita Nyong'o,Winston Duke,Shahadi Wright Joseph,Evan Alex,Tim Heidecker,Elisabeth Moss,Cali Sheldon,Noelle Sheldon,Yahya Abdul-Mateen II,Anna Diop,Madison Curry,Duke Nicholson,Napiera Groves,Kara Hayward"
Captain Marvel,1.0,2.95,-1.95,,124,2:04,English,Ryan Fleck,2019,"Science Fiction,Action,Adventure",USA,66137,629805,"Brie Larson,Samuel L. Jackson,Ben Mendelsohn,Jude Law,Annette Bening,Djimon Hounsou,Lee Pace,Lashana Lynch,Gemma Chan,Clark Gregg,Rune Temte,Algenis Perez Soto,Mckenna Grace,Akira Akbar,Matthew Maher,Chuku Modu,Vik Sahay,Colin Ford,Kenneth Mitchell,Stephen A. Chang,Pete Ploszek"
Bohemian Rhapsody,4.0,3.44,0.56,,135,2:15,English,Bryan Singer,2018,"Music,History,Drama",UK,52674,629314,"Rami Malek,Gwilym Lee,Ben Hardy,Joseph Mazzello,Lucy Boynton,Aidan Gillen,Allen Leech,Tom Hollander,Mike Myers,Aaron McCusker,Meneka Das,Ace Bhatti,Priya Blackburn,Max Bennett,Dermot Murphy,Dickie Beau,Jack Roth,Neil Fox-Roberts,Jess Radomska,Michelle Duncan,Ross Green,Bruce Mackinnon,Joshua Higgott"
BlacKkKlansman,5.0,3.94,1.06,,135,2:15,English,Spike Lee,2018,"Comedy,History,Crime,Drama",USA,45287,502817,"John David Washington,Adam Driver,Topher Grace,Laura Harrier,Alec Baldwin,Jasper Pääkkönen,Corey Hawkins,Paul Walter Hauser,Ryan Eggold,Isiah Whitlock Jr.,Robert John Burke,Brian Tarantina,Arthur J. Nascarella,Ken Garito,Frederick Weller"
Avengers: Infinity War,5.0,4,1.00,,149,2:29,"English,Xhosa",Anthony Russo,2018,"Adventure,Action,Science Fiction",USA,85192,1062293,"Robert Downey Jr.,Chris Hemsworth,Mark Ruffalo,Chris Evans,Scarlett Johansson,Benedict Cumberbatch,Tom Holland,Chadwick Boseman,Don Cheadle,Zoe Saldaña,Karen Gillan,Elizabeth Olsen,Paul Bettany,Anthony Mackie,Sebastian Stan,Tom Hiddleston,Idris Elba,Danai Gurira,Peter Dinklage,Benedict Wong,Pom Klementieff,Dave Bautista,Vin Diesel,Bradley Cooper,Gwyneth Paltrow,Benicio del Toro"
A Quiet Place,4.0,3.71,0.29,,91,1:31,English,John Krasinski,2018,"Science Fiction,Drama,Horror",USA,62951,727150,"Emily Blunt,John Krasinski,Millicent Simmonds,Noah Jupe,Cade Woodward,Leon Russom,Rhoda Pell"
Black Panther,5.0,3.74,1.26,,135,2:15,"English,Korean,Swahili,Xhosa",Ryan Coogler,2018,"Action,Adventure,Science Fiction",USA,70303,1005157,"Chadwick Boseman,Michael B. Jordan,Lupita Nyong'o,Danai Gurira,Martin Freeman,Daniel Kaluuya,Letitia Wright,Winston Duke,Sterling K. Brown,Florence Kasumba,John Kani,Angela Bassett,Forest Whitaker,Andy Serkis,David S. Lee,Nabiyah Be,Isaach De Bankolé,Connie Chiume,Dorothy Steel,Danny Sapani,Sydelle Noel,Marija Abney,Zola Williams,Janeshia Adams-Ginyard,Maria Hippolyte,Marie Mouroum"
Hereditary,4.0,4.02,-0.02,10/31/2022,128,2:08,English,Ari Aster,2018,"Thriller,Horror,Mystery",USA,114436,755916,"Toni Collette,Alex Wolff,Milly Shapiro,Ann Dowd,Gabriel Byrne,Mallory Bechtel,Ari Aster,Kathleen Chalfant,Christy Summerhays,Brock McKinney,Jake Brown,Morgan Lund"
Sorry to Bother You,3.5,3.76,-0.26,,112,1:52,English,Boots Riley,2018,"Comedy,Fantasy,Science Fiction",USA,57889,277961,"Lakeith Stanfield,Tessa Thompson,Jermaine Fowler,Omari Hardwick,Terry Crews,Patton Oswalt,David Cross,Danny Glover,Steven Yeun,Armie Hammer,Mahari Crown,Lily James"
Coco,5.0,4.17,0.83,,105,1:45,"English,Spanish",Lee Unkrich,2017,"Fantasy,Family,Adventure,Animation,Music,Comedy",Mexico,57337,767748,"Anthony Gonzalez,Gael García Bernal,Benjamin Bratt,Alanna Ubach,Renée Victor,Jaime Camil,Alfonso Arau,Herbert Siguenza,Lombardo Boyar,Ana Ofelia Murguía,Sofía Espinosa,Dyana Ortelli,Gabriel Iglesias,Selene Luna,Natalia Cordova-Buckley,Edward James Olmos,Carla Medina,Luis Valdez,Blanca Araceli,Polo Rojas,Montse Hernandez,Octavio Solis,Cheech Marin,Salvador Reyes,John Ratzenberger,Antonio Sol,Liliana Barba Meinecke,Emmanuel Bernal,David Berón,Denise Blasor,Wilma Bonet,Alex Castillo"
Thor: Ragnarok,5.0,3.87,1.13,,131,2:11,English,Taika Waititi,2017,"Adventure,Action,Science Fiction,Fantasy,Comedy",USA,70758,854545,"Chris Hemsworth,Tom Hiddleston,Cate Blanchett,Tessa Thompson,Jeff Goldblum,Idris Elba,Karl Urban,Mark Ruffalo,Anthony Hopkins,Benedict Cumberbatch,Taika Waititi,Rachel House,Clancy Brown,Tadanobu Asano,Ray Stevenson,Zachary Levi,Stan Lee,Georgia Blizzard,Amali Golden,Luke Hemsworth,Sam Neill,Matt Damon"
Blade Runner 2049,5.0,4.1,0.90,,164,2:44,"English,Finnish,Hungarian,Japanese,Russian,Somali,Spanish",Denis Villeneuve,2017,"Science Fiction,Drama",Canada,80816,639768,"Ryan Gosling,Ana de Armas,Harrison Ford,Jared Leto,Sylvia Hoeks,Dave Bautista,Robin Wright,Mackenzie Davis,David Dastmalchian,Hiam Abbass,Carla Juri,Lennie James,Barkhad Abdi,Wood Harris,Edward James Olmos,Tómas Lemarquis"
"I, Tonya",4.0,3.87,0.13,,120,2:00,English,Craig Gillespie,2017,Drama,USA,46831,418805,"Margot Robbie,Sebastian Stan,Julianne Nicholson,Paul Walter Hauser,Bobby Cannavale,Allison Janney,Bojana Novaković,Mckenna Grace,Caitlin Carver,Maizie Smith,Suehyla El-Attar,Jason Davis,Mea Allen,Cory Chapman,Amy Fox,Cara Mantella"
It,2.0,3.52,-1.52,,135,2:15,English,Andy Muschietti,2017,"Horror,Fantasy",USA,58906,748477,"Jaeden Martell,Jeremy Ray Taylor,Sophia Lillis,Finn Wolfhard,Chosen Jacobs,Jack Dylan Grazer,Wyatt Oleff,Bill Skarsgård,Nicholas Hamilton,Jake Sim,Logan Thompson,Owen Teague,Jackson Robert Scott,Stephen Bogaert,Stuart Hughes,Geoffrey Pounsett,Pip Dwyer,Molly Atkinson"
Lady Bird,5.0,3.88,1.12,,94,1:34,English,Greta Gerwig,2017,"Drama,Comedy",USA,118824,945470,"Saoirse Ronan,Laurie Metcalf,Tracy Letts,Beanie Feldstein,Lucas Hedges,Timothée Chalamet,Jordan Rodrigues,Marielle Scott,Odeya Rush,Lois Smith,Stephen McKinley Henderson,Jake McDorman,John Karna,Bayne Gibby,Laura Marano,Marietta DePrima,Daniel Zovatto,Kristen Cloke,Andy Buckley,Paul Keller,Kathryn Newton"
The Shape of Water,4.0,3.68,0.32,,123,2:03,"English,Russian",Guillermo del Toro,2017,"Drama,Romance,Fantasy",USA,48192,509189,"Sally Hawkins,Doug Jones,Michael Shannon,Richard Jenkins,Octavia Spencer,Michael Stuhlbarg,David Hewlett,Nick Searcy,Stewart Arnott,Nigel Bennett,Lauren Lee Smith,Martin Roach,Allegra Fulton,John Kapelos,Morgan Kelly,Wendy Lyon,Madison Ferguson"
Dunkirk,4.0,3.79,0.21,,107,1:47,"English,French,German",Christopher Nolan,2017,"War,Drama,Action",France,55788,708910,"Fionn Whitehead,Tom Hardy,Mark Rylance,Kenneth Branagh,Cillian Murphy,Barry Keoghan,Harry Styles,Aneurin Barnard,Damien Bonnard,Lee Armstrong,James Bloor,Tom Glynn-Carney,Jack Lowden,Luke Thompson,Michel Biel,Constantin Balsan,Billy Howle,Mikey Collins,Callum Blake,Dean Ridge"
Spider-Man: Homecoming,3.0,3.59,-0.59,,133,2:13,English,Jon Watts,2017,"Science Fiction,Action,Adventure,Drama",USA,63101,858092,"Tom Holland,Michael Keaton,Robert Downey Jr.,Marisa Tomei,Jon Favreau,Gwyneth Paltrow,Zendaya,Donald Glover,Jacob Batalon,Laura Harrier,Tony Revolori,Bokeem Woodbine,Tyne Daly,Abraham Attah,Hannibal Buress,Kenneth Choi,Selenis Leyva,Angourie Rice,Martin Starr,Garcelle Beauvais,Michael Chernus,Michael Mando,Logan Marshall-Green,Jennifer Connelly,Gary Weeks,Christopher Berry,Jorge Lendeborg Jr.,Tunde Adebimpe,Tiffany Espensen,Isabella Amara,Michael Barbieri,Josie Totah"
Guardians of the Galaxy Vol. 2,3.0,3.55,-0.55,,137,2:17,English,James Gunn,2017,"Science Fiction,Action,Adventure",USA,46157,711937,"Chris Pratt,Zoe Saldaña,Dave Bautista,Vin Diesel,Bradley Cooper,Kurt Russell,Michael Rooker,Karen Gillan,Pom Klementieff,Sylvester Stallone,Elizabeth Debicki,Chris Sullivan,Sean Gunn,Tommy Flanagan,Laura Haddock,Aaron Schwartz,Hannah Gottesman,Hilty Bowen,Ben Browder,Alexander Klein,Luke Cook,Evan Jones,Joe Fria,Terence Rosemore"
Baby Driver,2.0,3.77,-1.77,,113,1:53,English,Edgar Wright,2017,"Crime,Action",UK,78739,939535,"Ansel Elgort,Kevin Spacey,Lily James,Jon Hamm,Jamie Foxx,Eiza González,Jon Bernthal,Flea,CJ Jones,Sky Ferreira,Lanny Joon,R. Marcos Taylor,Micah Howard,Morgan Brown,Morse Diggs,Lance Palmer,Hudson Meek,Viviana Chavez,Hal Whiteside,Clay Donahue Fontenot,Brigitte Kali Canales,Patrick R. Walker,Ben VanderMey,David Robert Lewis,Big Boi,Killer Mike"
Get Out,5.0,4.19,0.81,,104,1:44,English,Jordan Peele,2017,"Thriller,Horror,Mystery",USA,90763,1166070,"Daniel Kaluuya,Allison Williams,Catherine Keener,Bradley Whitford,Caleb Landry Jones,Marcus Henderson,Betty Gabriel,Lakeith Stanfield,Stephen Root,Lil Rel Howery,Ashley LeConte Campbell,John Wilmot"
Call Me by Your Name,4.5,3.94,0.56,,132,2:12,"English,French,Italian",Luca Guadagnino,2017,"Drama,Romance",Brazil,102087,737325,"Timothée Chalamet,Armie Hammer,Michael Stuhlbarg,Amira Casar,Esther Garrel,Victoire Du Bois,Vanda Capriolo,Antonio Rimoldi,Elena Bucci,Marco Sgrosso,André Aciman,Peter Spears,Andrew Duncan Hinojosa"
Split,,3.51,,,117,1:57,English,M. Night Shyamalan,2016,"Horror,Thriller",USA,35010,547316,"James McAvoy,Anya Taylor-Joy,Betty Buckley,Haley Lu Richardson,Jessica Sula,Brad William Henke,Sebastian Arcelus,Neal Huff,Kim Director,Lyne Renee,M. Night Shyamalan,Peter Patrikios,Roy James Wilson,Robert Bizik,Izzie Coffey,Rosemary Howard"
The Edge of Seventeen,3.5,3.62,-0.12,,105,1:45,English,Kelly Fremon Craig,2016,"Comedy,Drama",USA,40440,292830,"Hailee Steinfeld,Haley Lu Richardson,Blake Jenner,Woody Harrelson,Kyra Sedgwick,Hayden Szeto,Alexander Calvert,Eric Keenleyside,Nesta Cooper,Meredith Monroe,Katie Stuart,Lina Renna,Christian Michael Cooper,Ava Grace Cooper"
La La Land,5.0,3.96,1.04,,129,2:09,English,Damien Chazelle,2016,"Music,Drama,Romance,Comedy",USA,121391,964954,"Ryan Gosling,Emma Stone,John Legend,Rosemarie DeWitt,J.K. Simmons,Amiée Conn,Terry Walters,Thom Shelton,Cinda Adams,Callie Hernandez,Jessica Rothe,Sonoya Mizuno,Claudine Claudio,Jason Fuchs,D.A. Wallach,Trevor Lissauer,Olivia Hamilton,Anna Chazelle,Marius de Vries,Finn Wittrock,Josh Pence,Nicole Coulon,Damon Gupton,Christopher Michael Stevens,Keith Harris,Kaveh Rastegar,Briana Lee,David Douglas,Miles Anderson,Bobo Chang,Meagen Fay,John Hindman,Valarie Rae Miller,Nicole Wolf,Corrin Evans,Kiff VandenHeuvel,Tom Everett Scott,Hemky Madera,Zoë Hall,Dempsey Pappion,Sandra Rosko,Reshma Gajjar,Candice Coke,Hunter Hamilton,Damian Gomez,Amanda Balen,Dominic Chaiduang,Cindera Che,Chris Moss,Marissa Labog"
Captain America: Civil War,0.5,3.62,-3.12,,147,2:27,"English,Romanian,German,Russian",Anthony Russo,2016,"Action,Science Fiction,Adventure",USA,47612,724530,"Chris Evans,Robert Downey Jr.,Scarlett Johansson,Sebastian Stan,Anthony Mackie,Don Cheadle,Jeremy Renner,Chadwick Boseman,Paul Bettany,Elizabeth Olsen,Paul Rudd,Emily VanCamp,Tom Holland,Daniel Brühl,Frank Grillo,William Hurt,Martin Freeman,Marisa Tomei,John Kani,John Slattery,Hope Davis,Alfre Woodard,Michael A. Cook,Laughton Parchment,Jackson Spidell,Yi Long,Heidi Moneymaker,Aaron Toney,Cale Schultz,Ann Russo,Gene Farber,Florence Kasumba,Cornell John,Sven Hönig,Joshua Peck,Brent McGee,Be Satrazemis,Blair Jasin,Oliver Bigalke,Rafael Banasik,David de Vries"
Deadpool,,3.69,,,108,1:48,English,Tim Miller,2016,"Comedy,Action,Adventure",USA,36990,829928,"Ryan Reynolds,Morena Baccarin,Ed Skrein,T.J. Miller,Gina Carano,Leslie Uggams,Brianna Hildebrand,Karan Soni,Jed Rees,Stefan Kapičić,Randal Reeder,Isaac C. Singleton Jr.,Michael Benyaer,Style Dayne,Kyle Cassie,Taylor Hickson"
The Revenant,3.5,3.82,-0.32,,157,2:37,"English,French",Alejandro González Iñárritu,2015,"Drama,Western,Adventure",Canada,26722,525910,"Leonardo DiCaprio,Tom Hardy,Domhnall Gleeson,Will Poulter,Forrest Goodluck,Duane Howard,Arthur RedCloud,Melaw Nakehk'o,Grace Dove,Lukas Haas,Paul Anderson,Kristoffer Joner,Joshua Burge,Fabrice Adde,Christopher Rosamond,Robert Moloney,Brendan Fletcher,Tyson Wood,McCaleb Burnett,Vincent Leclerc,Stephane Legault,Emmanuel Bilodeau,Cole Vandale,Tom Guiry,Scott Olynek,Amelia Crow Show,Peter Strand Rumpel,Timothy Lyle"
Star Wars: The Force Awakens,1.0,3.43,-2.43,,136,2:16,English,J.J. Abrams,2015,"Science Fiction,Action,Adventure,Fantasy",USA,52280,741035,"Harrison Ford,Mark Hamill,Carrie Fisher,Adam Driver,Daisy Ridley,John Boyega,Oscar Isaac,Lupita Nyong'o,Andy Serkis,Domhnall Gleeson,Anthony Daniels,Max von Sydow,Peter Mayhew,Gwendoline Christie,Joonas Suotamo,Pip Andersen,Simon Pegg,Kiran Shah,Sasha Frost,Pip Torrens,Andrew Jack,Rocky Marshall,Greg Grunberg,Emun Elliott,Brian Vernel,Yayan Ruhian,Sebastian Armesto,Maisie Richardson-Sellers,Warwick Davis,Cailey Fleming,Mark Stanley,Ken Leung,Iko Uwais,Anna Brewster,Harriet Walter,Tim Rose,Erik Bauersfeld,Mike Quinn,Bill Kipsang Rotich,Michael Giacchino,Nigel Godrich,Judah Friedlander,Victor McGuire,Miltos Yerolemou,Billie Lourd,Leanne Best,Crystal Clarke,Jeffery Kissoon,Claudia Sermbezis,Gerald W. Abrams,Jim McGrath,Philicia Saunders,Morgan Dameron,Jessica Henwick,Tosin Cole,James McArdle,Stefan Grube,Dixie Arnold,Hannah John-Kamen,Kate Fleetwood,Thomas Brodie-Sangster,Brian Herring,Dave Chapman,Jimmy Vee,Cecep Arif Rahman,Ian Whyte,Daniel Craig,Ewan McGregor,Frank Oz,Alec Guinness,Tom Kane,Catherine Taber,Matthew Wood,Samuel Witwer,Meredith Salenger"
The Martian,3.0,3.72,-0.72,,141,2:21,"English,Chinese",Ridley Scott,2015,"Drama,Science Fiction,Adventure",UK,26956,595665,"Matt Damon,Jessica Chastain,Jeff Daniels,Sean Bean,Chiwetel Ejiofor,Donald Glover,Kristen Wiig,Michael Peña,Kate Mara,Sebastian Stan,Benedict Wong,Mackenzie Davis,Naomi Scott,Aksel Hennie,Nick Mohammed,Chen Shu,Eddy Ko,Enzo Cilenti,Jonathan Aris,Gruffudd Glyn,Geoffrey Thomas,Yang Haiwen"
Ant-Man,2.0,3.33,-1.33,,117,1:57,English,Peyton Reed,2015,"Adventure,Science Fiction,Action",USA,34722,594722,"Paul Rudd,Michael Douglas,Evangeline Lilly,Bobby Cannavale,Corey Stoll,Anthony Mackie,Judy Greer,Abby Ryder Fortson,Michael Peña,David Dastmalchian,T.I.,Wood Harris,Hayley Atwell,John Slattery,Martin Donovan,Garrett Morris,Gregg Turkington,Rod Hallett,Joe Chrest,Joe Bucaro III,Jean Louisa Kelly,Dax Griffin,Hayley Lovitt,Anna Akana,Stan Lee,Tom Kenny,Norma Alvarez,Darcie Isabella Cottrell,Teddy Williams,Carol Anne Watts,Chuck David Willis,Diana Chiritescu"
Inside Out,2.5,3.87,-1.37,,95,1:35,English,Pete Docter,2015,"Adventure,Comedy,Family,Drama,Animation",USA,34860,794599,"Amy Poehler,Phyllis Smith,Bill Hader,Kaitlyn Dias,Richard Kind,Lewis Black,Mindy Kaling,Diane Lane,Kyle MacLachlan,Bobby Moynihan,Paula Poundstone,Paula Pell,Dave Goelz,Frank Oz,Josh Cooley,Flea,John Ratzenberger,Carlos Alazraqui,Peter Sagal,Rashida Jones,Lori Alan,Gregg Berger,Aurora Blue,Veronika Bonell,Lola Cooley,John Cygan"
Mad Max: Fury Road,3.0,4.14,-1.14,,121,2:01,English,George Miller,2015,"Adventure,Science Fiction,Action",Australia,64858,759606,"Tom Hardy,Charlize Theron,Nicholas Hoult,Hugh Keays-Byrne,Zoë Kravitz,Riley Keough,Rosie Huntington-Whiteley,Abbey Lee,Courtney Eaton,Josh Helman,Nathan Jones,John Howard,Richard Carter,Iota,Angus Sampson,Jennifer Hagan,Megan Gale,Melissa Jaffer,Melita Jurišić,Gillian Jones,Joy Smithers,Antoinette Kellerman,Christina Koch,Jon Iles"
Avengers: Age of Ultron,3.0,3.14,-0.14,,141,2:21,English,Joss Whedon,2015,"Science Fiction,Action,Adventure",USA,41169,650743,"Robert Downey Jr.,Chris Hemsworth,Mark Ruffalo,Chris Evans,Scarlett Johansson,Jeremy Renner,James Spader,Samuel L. Jackson,Don Cheadle,Aaron Taylor-Johnson,Elizabeth Olsen,Paul Bettany,Cobie Smulders,Anthony Mackie,Hayley Atwell,Idris Elba,Linda Cardellini,Stellan Skarsgård,Claudia Kim,Thomas Kretschmann,Andy Serkis,Julie Delpy,Stan Lee,Henry Goodman,Chris Luca,Brian Schaeffer,Dominique Provost-Chalkley,Isaac Andrews,Gareth Kieran Jones"
The Witch,1.0,3.87,-2.87,,92,1:32,English,Robert Eggers,2015,"Drama,Mystery,Horror,Fantasy",Brazil,75812,520230,"Anya Taylor-Joy,Ralph Ineson,Kate Dickie,Harvey Scrimshaw,Ellie Grainger,Lucas Dawson,Bathsheba Garnett,Sarah Stephens,Julian Richings,Daniel Malik,Axtun Henry Dube,Athan Conrad Dube,Vivien Moore"
Ex Machina,5.0,3.98,1.02,,108,1:48,English,Alex Garland,2014,"Drama,Science Fiction",UK,49874,561181,"Domhnall Gleeson,Alicia Vikander,Oscar Isaac,Sonoya Mizuno,Corey Johnson,Claire Selby,Symara A. Templeman,Gana Bayarsaikhan,Tiffany Pisani,Elina Alminas,Chelsea Li,Dan Pappaspanos"
Interstellar,5.0,4.24,0.76,,169,2:49,English,Christopher Nolan,2014,"Science Fiction,Drama,Adventure",UK,89635,1067937,"Matthew McConaughey,Anne Hathaway,Jessica Chastain,Mackenzie Foy,Michael Caine,Bill Irwin,Casey Affleck,John Lithgow,Wes Bentley,David Gyasi,Matt Damon,Topher Grace,Timothée Chalamet,Ellen Burstyn"
Gone Girl,5.0,4.07,0.93,,149,2:29,English,David Fincher,2014,"Drama,Thriller,Mystery",USA,104084,908175,"Ben Affleck,Rosamund Pike,Carrie Coon,Kim Dickens,Neil Patrick Harris,Tyler Perry,Patrick Fugit,Lisa Banes,David Clennon,Boyd Holbrook,Lola Kirke,Casey Wilson,Missi Pyle,Emily Ratajkowski,Scoot McNairy,Sela Ward,Lee Norris,Jamie McShane,Leonard Kelly-Young,Kathleen Rose Perkins,Pete Housman,Lynn Adrianna,Cyd Strittmatter,Ricky Wood,Donna Rusch,Mark Atteberry,Darin Cooper,Kate Campbell,Brett Leigh,Antonio St. James"
Nightcrawler,4.0,4.03,-0.03,,118,1:58,English,Dan Gilroy,2014,"Crime,Thriller,Drama",USA,64640,623582,"Jake Gyllenhaal,Rene Russo,Riz Ahmed,Bill Paxton,Kevin Rahm,Michael Hyatt,Price Carson,Kent Shocknek,Sharon Tay,Ann Cusack,Carolyn Gilroy,Marco Rodríguez,Michael Papajohn,Jonny Coyne,Rick Chambers,Pat Harvey,Rick Garcia"
Birdman or (The Unexpected Virtue of Ignorance),3.0,3.92,-0.92,,120,2:00,English,Alejandro González Iñárritu,2014,"Comedy,Drama",USA,35513,519877,"Michael Keaton,Emma Stone,Zach Galifianakis,Edward Norton,Andrea Riseborough,Amy Ryan,Naomi Watts,Lindsay Duncan,Merritt Wever,Jeremy Shamos,Damian Young,Bill Camp,Kenny Chin,Jamahl Garrison-Lowe,Katherine O'Sullivan,Keenan Shimizu,Akira Ito,Natalie Gold,Michael Siberry,Clark Middleton"
Guardians of the Galaxy,2.5,3.81,-1.31,,121,2:01,English,James Gunn,2014,"Adventure,Action,Science Fiction",USA,45818,943183,"Chris Pratt,Zoe Saldaña,Dave Bautista,Vin Diesel,Bradley Cooper,Lee Pace,Michael Rooker,Karen Gillan,Djimon Hounsou,John C. Reilly,Glenn Close,Benicio del Toro,Laura Haddock,Sean Gunn,Peter Serafinowicz,Christopher Fairbank,Krystian Godlewski,Wyatt Oleff,Gregg Henry,Janis Ahern,Solomon Mousley,Lindsay Morton,Robert Firth,Melia Kreiling,Tom Proctor,Nick Holmes,Max Wrottesley,Stan Lee,Nicole Alexandra Shipley,Sharif Atkins"
The Grand Budapest Hotel,4.0,4.22,-0.22,,100,1:40,"English,French",Wes Anderson,2014,"Comedy,Drama",Germany,90431,901582,"Ralph Fiennes,Tony Revolori,Adrien Brody,Willem Dafoe,Saoirse Ronan,Jeff Goldblum,Owen Wilson,Edward Norton,F. Murray Abraham,Jude Law,Bill Murray,Léa Seydoux,Tilda Swinton,Harvey Keitel,Tom Wilkinson,Mathieu Amalric,Jason Schwartzman,Florian Lukas,Bob Balaban,Fisher Stevens,Wallace Wolodarsky,Waris Ahluwalia,Uwe Holoubek,Larry Pine,Karl Markovics,Volker Michalowski,Daniel Steiner,Hendrik von Bültzingslöwen,Lisa Kreuzer,Rainer Reiners,Sabine Urig,Matthias Matschke,Philipp Sonntag,Hans Martin Stier,Giselda Volodi,Neal Huff,Steffen Scheumann,Milton Welsh,Piet Paes"
Whiplash,5.0,4.39,0.61,,107,1:47,English,Damien Chazelle,2014,"Drama,Music",USA,121783,951558,"Miles Teller,J.K. Simmons,Paul Reiser,Melissa Benoist,Austin Stowell,Chris Mulkey,Nate Lang,Charlie Ian,Jayson Blair,Kavita Patil,Damon Gupton,Suanne Spoke,Max Kasch,Kofi Siriboe,C.J. Vana,Tarik Lowe,Tyler Kimball,Rogelio Douglas Jr."
The Wolf of Wall Street,5.0,4.01,0.99,,180,3:00,"English,French",Martin Scorsese,2013,"Comedy,Drama,Crime",USA,66335,1000528,"Leonardo DiCaprio,Jonah Hill,Margot Robbie,Matthew McConaughey,Kyle Chandler,Rob Reiner,Jon Bernthal,Jean Dujardin,Kenneth Choi,P.J. Byrne,Ethan Suplee,Brian Sacca,Henry Zebrowski,Jon Favreau,Cristin Milioti,Joanna Lumley,Jake Hoffman,Christine Ebersole,Shea Whigham,Aya Cash,Katarina Čas,Bo Dietl,Jon Spinogatti,Rizwan Manji,Stephanie Kurtzuba,J. C. MacKenzie,Ashlie Atkinson,Stephen Kunken,Ted Griffin,Sandra Nelson,Dan Bittner,Spike Jonze,Mackenzie Meehan,Thomas Middleditch,Edward Herrmann,Jordan Belfort,Fran Lebowitz,Robert Clohessy,Welker White,Danny Flaherty,Carla Corvo,Madison McKinley,Aaron Lazar,Steve Routman,Steve Witting,Charley Morgan,Michael Nathanson,Kathleen Fellegara,John Behlmann,Ward Horton,Bret Shuford,J.T. O'Connor,Steven Boyer,Danny A. Abeckaser,Matthew Rauch,Michael Izquierdo"
Her,5.0,4.04,0.96,,126,2:06,English,Spike Jonze,2013,"Romance,Science Fiction,Drama",USA,76473,762908,"Joaquin Phoenix,Scarlett Johansson,Amy Adams,Rooney Mara,Chris Pratt,Olivia Wilde,Matt Letscher,Portia Doubleday,Spike Jonze,Bill Hader,Kristen Wiig,Artt Butler,SoKo,Brian Cox"
Django Unchained,5.0,4.18,0.82,,165,2:45,"English,French,German",Quentin Tarantino,2012,"Western,Drama",USA,51711,895696,"Jamie Foxx,Christoph Waltz,Leonardo DiCaprio,Kerry Washington,Samuel L. Jackson,Walton Goggins,Dennis Christopher,James Remar,David Steen,Dana Gourrier,Nichole Galicia,Laura Cayouette,Ato Essandoh,Sammi Rotibi,Clay Donahue Fontenot,Escalante Lundy,Miriam F. Glover,Don Johnson,Franco Nero,James Russo,Tom Wopat,Don Stroud,Amber Tamblyn,Bruce Dern,M.C. Gainey,Cooper Huckabee,Doc Duhame,Jonah Hill,Lee Horsley,Zoë Bell,Michael Bowen,Robert Carradine,Jake Garber,Ted Neeley,James Parks,Tom Savini,Michael Parks,John Jarratt,Quentin Tarantino,Amari Cheatom,Keith Jefferson,Marcus Henderson,Lil Chuuch,Kinetic,Louise Stratten"
The Perks of Being a Wallflower,3.0,3.94,-0.94,,103,1:43,English,Stephen Chbosky,2012,Drama,USA,69704,630961,"Logan Lerman,Emma Watson,Ezra Miller,Mae Whitman,Kate Walsh,Dylan McDermott,Melanie Lynskey,Nina Dobrev,Johnny Simmons,Joan Cusack,Paul Rudd,Nicholas Braun,Reece Thompson,Patrick de Ledebur,Brian Balzerini,Tom Kruszewski"
Moonrise Kingdom,3.0,3.99,-0.99,,94,1:34,English,Wes Anderson,2012,"Comedy,Drama,Romance",USA,48334,449734,"Bruce Willis,Jared Gilman,Kara Hayward,Edward Norton,Bill Murray,Frances McDormand,Tilda Swinton,Jason Schwartzman,Bob Balaban,Harvey Keitel,Lucas Hedges,Charlie Kilgore,Chandler Frantz,Gabriel Rush,Seamus Davey-Fitzpatrick,John Franchi,Andreas Sheikh,Rob H. Campbell,L.J. Foley,Tommy Nelson,Larry Pine,Marianna Bassham"
The Avengers,2.0,3.68,-1.68,,143,2:23,"English,Hindi,Russian",Joss Whedon,2012,"Science Fiction,Adventure,Action",USA,42878,798601,"Robert Downey Jr.,Chris Evans,Mark Ruffalo,Chris Hemsworth,Scarlett Johansson,Jeremy Renner,Tom Hiddleston,Samuel L. Jackson,Cobie Smulders,Clark Gregg,Stellan Skarsgård,Gwyneth Paltrow,Paul Bettany,Alexis Denisof,Tina Benko,Jerzy Skolimowski,Kirill Nikiforov,Jeff Wolfe,M'laah Kaur Singh,Rashmi Rustagi,Powers Boothe,Jenny Agutter,Arthur Darbinyan,Donald Li,Warren Kole,Alicia Sixtos,Maximiliano Hernández,Dieter Riesle,Kenneth Tigar,Walter Perez,Harry Dean Stanton,Josh Cowdery,Ashley Johnson,Katsumi Komatsu,Yumiko Komatsu,Robert Clohessy,Enver Gjokaj,Fernanda Toker,Andrea Vecchio,Robin Swoboda,Brent McGee,Jamie McShane,Michael Zhang,William-Christopher Stephens,Kelley Robins Hicks"
Drive,5.0,3.96,1.04,,100,1:40,English,Nicolas Winding Refn,2011,"Thriller,Drama,Crime",USA,69309,611951,"Ryan Gosling,Carey Mulligan,Bryan Cranston,Albert Brooks,Oscar Isaac,Christina Hendricks,Ron Perlman,Kaden Leos,Jeff Wolfe,James Biberi,Russ Tamblyn,Joe Bucaro III"
The Social Network,5.0,3.95,1.05,,121,2:01,English,David Fincher,2010,Drama,USA,99928,854934,"Jesse Eisenberg,Andrew Garfield,Justin Timberlake,Armie Hammer,Max Minghella,Rooney Mara,Brenda Song,Rashida Jones,John Getz,David Selby,Denise Grayson,Josh Pence,Douglas Urbanski,Joseph Mazzello,Wallace Langham,Patrick Mapel,Dakota Johnson,Melise,Bryan Barter,Barry Livingston,Shelby Young,Abhi Sinha,Mariah Bonner,Mark Saul,Cedric Sanders,Inger Tudor,Emma Fitzpatrick,John Hayden,James Shanklin,Oliver Muirhead,Scott Lawrence,Caitlin Gerard,Jared Hillman,Adina Porter,Felisha Terrell,Amy Ferguson,Peter Holden,Trevor Wright,Dustin Fitzsimons,Chris Gouchoe"
Scott Pilgrim vs. the World,5.0,3.87,1.13,,112,1:52,English,Edgar Wright,2010,"Romance,Comedy,Action",UK,93220,769112,"Michael Cera,Mary Elizabeth Winstead,Ellen Wong,Kieran Culkin,Alison Pill,Mark Webber,Johnny Simmons,Jason Schwartzman,Anna Kendrick,Aubrey Plaza,Satya Bhabha,Chris Evans,Brandon Routh,Mae Whitman,Brie Larson,Keita Saito,Shota Saito,Will Bowes"
Inception,5.0,4.18,0.82,,148,2:28,"English,Japanese,Swahili",Christopher Nolan,2010,"Science Fiction,Action,Adventure",UK,73338,1164836,"Leonardo DiCaprio,Joseph Gordon-Levitt,Ken Watanabe,Tom Hardy,Elliot Page,Dileep Rao,Cillian Murphy,Tom Berenger,Marion Cotillard,Pete Postlethwaite,Michael Caine,Lukas Haas,Talulah Riley,Tohoru Masamune,Taylor Geare,Claire Geare,Johnathan Geare,Yuji Okumoto,Earl Cameron,Ryan Hayward,Miranda Nolan"
Shutter Island,2.0,4.06,-2.06,,138,2:18,"English,German",Martin Scorsese,2010,"Thriller,Mystery,Drama",USA,53955,761261,"Leonardo DiCaprio,Mark Ruffalo,Ben Kingsley,Michelle Williams,Max von Sydow,Emily Mortimer,Jackie Earle Haley,John Carroll Lynch,Ted Levine,Patricia Clarkson,Elias Koteas,Robin Bartlett,Christopher Denham,Joseph Sikora,Curtiss Cook,Gary Galone"
Avatar,4.5,3.45,1.05,,162,2:42,"English,Spanish",James Cameron,2009,"Adventure,Action,Science Fiction,Fantasy",USA,46467,619099,"Sam Worthington,Zoe Saldaña,Sigourney Weaver,Stephen Lang,Michelle Rodriguez,Giovanni Ribisi,Joel David Moore,CCH Pounder,Wes Studi,Laz Alonso,Dileep Rao,Matt Gerald,Sean Anthony Moran,Jason Whyte,Scott Lawrence"
Fantastic Mr. Fox,5.0,4.22,0.78,,87,1:27,English,Wes Anderson,2009,"Comedy,Family,Animation,Adventure",USA,77469,552204,"George Clooney,Meryl Streep,Jason Schwartzman,Bill Murray,Willem Dafoe,Owen Wilson,Wallace Wolodarsky,Eric Chase Anderson,Michael Gambon,Jarvis Cocker,Wes Anderson,Robin Hurlstone"
Inglourious Basterds,5.0,4.29,0.71,,153,2:33,"English,German,French,Italian",Quentin Tarantino,2009,"Thriller,Drama,Action,War",France,64259,956800,"Brad Pitt,Mélanie Laurent,Christoph Waltz,Eli Roth,Michael Fassbender,Diane Kruger,Daniel Brühl,Til Schweiger,Gedeon Burkhard,Jacky Ido,B. J. Novak,Omar Doom,August Diehl,Denis Ménochet,Sylvester Groth,Martin Wuttke,Mike Myers,Julie Dreyfus,Léa Seydoux,Richard Sammel,Alexander Fehling,Rod Taylor,Samm Levine,Paul Rust,Michael Bacall,Arndt Schwering-Sohnrey,Petra Hartung,Volker Michalowski"
Up,5.0,4.08,0.92,,96,1:36,English,Pete Docter,2009,"Adventure,Comedy,Animation,Family",USA,22728,747098,"Ed Asner,Christopher Plummer,Jordan Nagai,Bob Peterson,Delroy Lindo,Jerome Ranft,John Ratzenberger,David Kaye,Elie Docter,Jeremy Leary,Mickie McGowan,Danny Mann"
Coraline,4.0,4.15,-0.15,,100,1:40,"English,Russian",Henry Selick,2009,"Family,Fantasy,Animation",USA,45730,478389,"Dakota Fanning,Teri Hatcher,Keith David,Jennifer Saunders,Ian McShane,Dawn French,John Hodgman,Robert Bailey Jr.,Aankha Neal,Hannah Kaiser,George Selick,Harry Selick"
Burn After Reading,,3.55,,,96,1:36,English,Ethan Coen,2008,"Drama,Comedy",USA,20794,191153,"George Clooney,Frances McDormand,Brad Pitt,John Malkovich,Tilda Swinton,Richard Jenkins,Elizabeth Marvel,David Rasche,J.K. Simmons,Olek Krupa,Michael Countryman,Kevin Sussman,J.R. Horne,Hamilton Clancy,Armand Schultz,Raul Aranas,Pun Bandhu,Karla Mosley,Jeffrey DeMunn,Richard Poe,Carmen M. Herlihy,Judy Frank,Sándor Técsy,Yury Tsykun,Brian O'Neill"
The Dark Knight,5.0,4.44,0.56,,152,2:32,"English,Chinese",Christopher Nolan,2008,"Action,Thriller,Drama,Crime",UK,81245,1185163,"Christian Bale,Heath Ledger,Michael Caine,Gary Oldman,Aaron Eckhart,Maggie Gyllenhaal,Morgan Freeman,Nestor Carbonell,Monique Gabriela Curnen,Ron Dean,Chin Han,Eric Roberts,Ritchie Coster,Anthony Michael Hall,Keith Szarabajka,Joshua Harto,Melinda McGraw,Nathan Gamble,Michael Jai White,Colin McFarlane,Nydia Rodriguez Terracina,Tom 'Tiny' Lister Jr.,William Fichtner,Cillian Murphy,Patrick Leahy,Matt Skiba,David Dastmalchian,Michael Vieau,Michael Stoyanov,William Smillie,Danny Goldring,Matthew O'Neill,Olumiji Olawumi,Greg Beam,Erik Hellman,Beatrice Rosen,Vincenzo Nicoli,Edison Chen,Andy Luther,James Farruggio,Tom McElroy,Will Zahrn,James Fierro,Sam Derence,Jennifer Knox,Patrick Clear,Sarah Jayne Dunn,Charles Venn,Winston Ellis,Sophia Hinshelwood,Keith Kupferer,Joseph Luis Caballero,Richard Dillane,Daryl Satcher"
WALL·E,3.0,4.14,-1.14,,98,1:38,English,Andrew Stanton,2008,"Family,Animation,Science Fiction",USA,29457,701180,"Ben Burtt,Elissa Knight,Jeff Garlin,MacInTalk,Fred Willard,John Ratzenberger,Kathy Najimy,Sigourney Weaver,Teddy Newton,Bob Bergen,John Cygan,Pete Docter"
Iron Man,3.0,3.71,-0.71,,126,2:06,"English,Persian (Farsi),Urdu,Arabic",Jon Favreau,2008,"Adventure,Science Fiction,Action",USA,40798,703276,"Robert Downey Jr.,Terrence Howard,Jeff Bridges,Gwyneth Paltrow,Leslie Bibb,Bill Smitrovich,Paul Bettany,Jon Favreau,Shaun Toub,Faran Tahir,Clark Gregg,Peter Billingsley,Sayed Badreya,Tim Guinee,Will Lyman,Tom Morello,Marco Khan,Daston Kalili,Ido Mor,Kevin Foster,Garret Noël,Eileen Weisinger,Ahmed Ahmed,Fahim Fazli,Gerard Sanders,Tim Rigby"
There Will Be Blood,5.0,4.38,0.62,,158,2:38,English,Paul Thomas Anderson,2007,Drama,USA,55923,414634,"Daniel Day-Lewis,Paul Dano,Kevin J. O'Connor,Ciarán Hinds,Dillon Freasier,Hope Elizabeth Reeves,Colleen Foy,Barry Del Sherman,David Willis,Hans Howes,Sydney McCallister,Paul F. Tompkins,Kevin Breznahan,Jim Meskimen"
Ratatouille,5.0,4.16,0.84,,111,1:51,"English,French",Brad Bird,2007,"Fantasy,Family,Comedy,Animation",USA,53234,783345,"Patton Oswalt,Ian Holm,Lou Romano,Daniel Day-Lewis,Brian Dennehy,Peter Sohn,Peter O'Toole,Brad Garrett,Janeane Garofalo,Will Arnett,Julius Callahan"
No Country for Old Men,3.0,4.27,-1.27,,122,2:02,"English,Spanish",Joel Coen,2007,"Drama,Thriller,Crime",USA,48023,595508,"Josh Brolin,Javier Bardem,Tommy Lee Jones,Kelly Macdonald,Woody Harrelson,Garret Dillahunt,Tess Harper,Barry Corbin,Stephen Root,Rodger Boyce,Beth Grant,Ana Reeder,Kit Gwin,Zach Hopkins,Chip Love,Eduardo Antonio Garcia,Gene Jones,Myk Watford,Boots Southerland,Kathy Lamkin"
Superbad,3.0,3.88,-0.88,,113,1:53,English,Greg Mottola,2007,Comedy,USA,50509,505792,"Jonah Hill,Michael Cera,Christopher Mintz-Plasse,Bill Hader,Seth Rogen,Kevin Corrigan,Joe Lo Truglio,Martha MacIsaac,Emma Stone,Aviva Baumann,Clement Blake,Erica Vittina Phillips,Joe Nunez,Dave Franco,Marcella Lentz-Pope,Scott Gerbacia,Laura Seay,Roger Iwami,Clint Mabry,Stacy Edwards,Mark Rogen,Charlie Hartsock"
Little Miss Sunshine,5.0,4.12,0.88,,102,1:42,English,Jonathan Dayton,2006,"Drama,Comedy",USA,69641,486375,"Greg Kinnear,Toni Collette,Steve Carell,Paul Dano,Abigail Breslin,Alan Arkin,Bryan Cranston,Beth Grant,Wallace Langham,Matt Winston,Julio Oscar Mechoso,Marc Turtletaub"
Harry Potter and the Goblet of Fire,3.0,3.79,-0.79,,157,2:37,"English,French",Mike Newell,2005,"Fantasy,Family,Adventure",UK,39369,547537,"Daniel Radcliffe,Rupert Grint,Emma Watson,Robbie Coltrane,Ralph Fiennes,Michael Gambon,Brendan Gleeson,Jason Isaacs,Gary Oldman,Miranda Richardson,Alan Rickman,Maggie Smith,Timothy Spall,Frances de la Tour,Predrag Bjelac,David Bradley,Warwick Davis,Tom Felton,Robert Hardy,Shirley Henderson,Roger Lloyd Pack,Mark Williams,Stanislav Yanevski,Robert Pattinson,Clémence Poésy,Eric Sykes,David Tennant,James Phelps,Oliver Phelps"
The Incredibles,5.0,4.07,0.93,,115,1:55,"English,French",Brad Bird,2004,"Animation,Action,Adventure,Family",USA,25684,661923,"Craig T. Nelson,Holly Hunter,Sarah Vowell,Spencer Fox,Jason Lee,Samuel L. Jackson,Elizabeth Peña,Eli Fucile,Maeve Andrews,Brad Bird,Teddy Newton,Jean Sincere,Bud Luckey,Wallace Shawn,Lou Romano,Michael Bird,Dominique Louis,Bret 'Brook' Parker,Kimberly Adair Clark,John Ratzenberger,Wayne Canney,Mark Andrews,Nicholas Bird,Louis Martin Braga III"
Harry Potter and the Prisoner of Azkaban,5.0,4.09,0.91,,141,2:21,English,Alfonso Cuarón,2004,"Adventure,Fantasy",UK,49532,655634,"Daniel Radcliffe,Rupert Grint,Emma Watson,Robbie Coltrane,Michael Gambon,Richard Griffiths,Gary Oldman,Alan Rickman,Fiona Shaw,Maggie Smith,Timothy Spall,David Thewlis,Emma Thompson,David Bradley,Tom Felton,Pam Ferris,Dawn French,Julie Christie,Robert Hardy,Julie Walters,Mark Williams,Harry Melling,Adrian Rawlins"
Mean Girls,3.5,3.85,-0.35,,97,1:37,"English,Swahili,German,Vietnamese",Mark Waters,2004,Comedy,Canada,49124,544334,"Lindsay Lohan,Rachel McAdams,Lacey Chabert,Amanda Seyfried,Lizzy Caplan,Daniel Franzese,Tina Fey,Jonathan Bennett,Tim Meadows,Amy Poehler,Ana Gasteyer,Neil Flynn,Rajiv Surendra,Elana Shilling,Graham Kartna,Ely Henry,David Aherne,Ayo Agbonkpolo,Molly Shanahan,Jonathan Malen,Jeff Moser,Miranda Edwards,Les Porter,Eve Crawford,Jack Newman,Michelyn Emelle,Bathsheba Garnett"
Eternal Sunshine of the Spotless Mind,2.0,4.22,-2.22,,108,1:48,English,Michel Gondry,2004,"Drama,Romance,Science Fiction",USA,81787,784874,"Jim Carrey,Kate Winslet,Kirsten Dunst,Mark Ruffalo,Elijah Wood,Tom Wilkinson,Jane Adams,David Cross,Deirdre O'Connell,Thomas Jay Ryan,Ryan Whitney,Lola Daehler,Debbon Ayer,Gerry Robert Byrne,Brian Price,Josh Flitter,Paulie Litt,Amir Ali Said,Lauren Adler"
Garden State,4.5,3.37,1.13,10/21/2022,102,1:42,English,Zach Braff,2004,"Drama,Romance,Comedy",USA,8434,67933,"Zach Braff,Natalie Portman,Ian Holm,Peter Sarsgaard,Jean Smart,Armando Riesco,Jackie Hoffman,Method Man,Alex Burns,Ron Leibman,Jim Parsons,Michael Weston,Ann Dowd,Ato Essandoh,Denis O'Hare"
Lost in Translation,5.0,3.86,1.14,,102,1:42,"English,Japanese",Sofia Coppola,2003,"Comedy,Romance,Drama",Japan,44960,422905,"Bill Murray,Scarlett Johansson,Giovanni Ribisi,Anna Faris,Akiko Takeshita,Fumihiro Hayashi,Kazuyoshi Minamimagoe,Kazuko Shibata,Take,Daikon,Catherine Lambert,Akiko Monô,Françoise Dubois,Gregory Pekar,Ikuko Takahashi,Osamu Shigematu,Takashi Fujii,Lisle Wilkerson,Kazuo Yamada,Akira Yamaguchi"
Finding Nemo,4.0,4.04,-0.04,,100,1:40,English,Andrew Stanton,2003,"Family,Animation",USA,17457,639258,"Albert Brooks,Ellen DeGeneres,Alexander Gould,Willem Dafoe,Brad Garrett,Allison Janney,Austin Pendleton,Stephen Root,Vicki Lewis,Joe Ranft,Geoffrey Rush,Andrew Stanton,Elizabeth Perkins,Nicholas Bird,Bob Peterson,Barry Humphries,Eric Bana,Bruce Spence,Bill Hunter,LuLu Ebeling,Jordan Ranft,Erica Beck,Erik Per Sullivan,John Ratzenberger,Carlos Alazraqui,Alec Medlock,Bob Bergen"
Catch Me If You Can,3.5,4,-0.50,,141,2:21,"English,French",Steven Spielberg,2002,"Drama,Crime",USA,35222,535907,"Leonardo DiCaprio,Tom Hanks,Christopher Walken,Martin Sheen,Nathalie Baye,Amy Adams,James Brolin,Jennifer Garner,Chris Ellis,Brian Howe,Steve Eastin,John Finn,Elizabeth Banks,Ellen Pompeo,Guy Thauvette,Kitty Carlisle,Kelly McNair,Sarah Rush,Jasmine Jessica Anthony,Celine du Tertre,Frank John Hughes,Nancy Lenehan,Candice Azzara,Kaitlin Doubleday,Matthew Kimbrough,Joshua Boyd,Jonathan Dankner,Maggie Mellin,Thomas Kopache,Margaret Travolta,Jimmie F. Skaggs,Alex Hyde-White,Lilyan Chauvin,Eugene Fleming,Robert Ruth,Jennifer Manley,James Morrison,Robert Symonds,Jennifer Kan,Robert Curtis Brown,Kelly Hutchinson,Steve Witting,Wendy Worthington,Jane Bodle,J. Patrick McCormack,Brian Goodman,Ray Proscia,Sarah Lancaster,Jill Matson,Mike Baldridge,Joel Ewing,Ritchie Montgomery"
The Lord of the Rings: The Fellowship of the Ring,4.0,4.33,-0.33,,179,2:59,English,Peter Jackson,2001,"Action,Fantasy,Adventure",New Zealand,63489,742902,"Elijah Wood,Ian McKellen,Viggo Mortensen,Sean Astin,Billy Boyd,Dominic Monaghan,John Rhys-Davies,Orlando Bloom,Sean Bean,Ian Holm,Liv Tyler,Hugo Weaving,Christopher Lee,Cate Blanchett,Andy Serkis,Marton Csokas,Craig Parker,Lawrence Makoare,Alan Howard,Noel Appleby,Sala Baker,Megan Edwards,Michael Elsworth,Mark Ferguson,Brent McIntyre,Peter McKenzie,Sarah McLeod,Ian Mune,Cameron Rhodes,Martyn Sanderson,Harry Sinclair,David Weatherley,Victoria Beynon-Cole,Lee Hartley,Sam La Hood,Chris Streeter,Jonathan Jordan,Semi Kuresa,Clinton Ulyatt,Paul Bryson,Lance Fabian Kemp,Jono Manks,Ben Price,Phil Grieve,Billy Jackson,Katie Jackson,Gino Acevedo"
Harry Potter and the Philosopher's Stone,3.0,3.79,-0.79,,152,2:32,English,Chris Columbus,2001,"Fantasy,Adventure",UK,48853,639490,"Daniel Radcliffe,Rupert Grint,Emma Watson,Richard Harris,Tom Felton,Alan Rickman,Robbie Coltrane,Maggie Smith,Richard Griffiths,Ian Hart,Fiona Shaw,John Hurt,David Bradley,Matthew Lewis,Sean Biggerstaff,Warwick Davis,Harry Melling,James Phelps,Oliver Phelps,John Cleese,Chris Rankin,Alfred Enoch,Devon Murray,Jamie Waylett"
"Monsters, Inc.",4.0,4.07,-0.07,,92,1:32,English,Pete Docter,2001,"Comedy,Animation,Family",USA,22140,605954,"John Goodman,Billy Crystal,Mary Gibbs,Steve Buscemi,James Coburn,Jennifer Tilly,Bob Peterson,John Ratzenberger,Frank Oz,Daniel Gerson,Steve Susskind,Bonnie Hunt,Jeff Pidgeon,Samuel Lord Black,Jack Angel,Bob Bergen,Rodger Bumpass,Gino Conforti,Jennifer Darling,Patti Deutsch,Pete Docter"
Spirited Away,5.0,4.47,0.53,,125,2:05,Japanese,Hayao Miyazaki,2001,"Fantasy,Animation,Family",Japan,77340,870685,"Rumi Hiiragi,Miyu Irino,Mari Natsuki,Bunta Sugawara,Akio Nakamura,Yumi Tamai,Ryunosuke Kamiki,Takashi Naito,Yasuko Sawaguchi,Tsunehiko Kamijô,Takehiko Ono,Tatsuya Gashûin,Yo Oizumi,Ken Yasuda,Koba Hayashi,Shigeru Wakita,Shiro Saito,Michiko Yamamoto,Keiko Tsukamoto"
Shrek,4.0,4,0.00,,90,1:30,English,Andrew Adamson,2001,"Family,Comedy,Animation,Fantasy,Adventure",USA,35236,576175,"Mike Myers,Eddie Murphy,Cameron Diaz,John Lithgow,Vincent Cassel,Peter Dennis,Clive Pearse,Jim Cummings,Bobby Block,Chris Miller,Cody Cameron,Kathleen Freeman,Michael Galasso,Christopher Knights,Simon J. Smith,Conrad Vernon,Jacquie Barnbrook"
Amélie,3.0,4.11,-1.11,,122,2:02,"French,Russian",Jean-Pierre Jeunet,2001,"Romance,Comedy",France,32463,384303,"Audrey Tautou,Mathieu Kassovitz,Rufus,Lorella Cravotta,Serge Merlin,Jamel Debbouze,Clotilde Mollet,Claire Maurier,Isabelle Nanty,Dominique Pinon,Artus de Penguern,Yolande Moreau,Urbain Cancelier,Maurice Bénichou,Michel Robin,Andrée Damant,Claude Perron,Armelle,Ticky Holgado,André Dussollier,Eugène Berthier,Charles-Roger Bour,Kevin Dias,Flora Guiet,Amaury Babault,Marion Pressburger,Luc Palun,Fabienne Chaudat,Dominique Bettenfeld,Jacques Viala,Fabien Béhar,Jonathan Joss"
Memento,5.0,4.12,0.88,,113,1:53,English,Christopher Nolan,2000,"Thriller,Mystery",USA,41949,525571,"Guy Pearce,Carrie-Anne Moss,Joe Pantoliano,Mark Boone Junior,Russ Fega,Jorja Fox,Stephen Tobolowsky,Harriet Sansom Harris,Thomas Lennon,Callum Keith Rennie,Kimberly Campbell,Marianne Muellerleile,Larry Holden"
"O Brother, Where Art Thou?",,3.89,,,107,1:47,English,Joel Coen,2000,"Adventure,Comedy,Crime",USA,17713,195700,"George Clooney,John Turturro,Tim Blake Nelson,Charles Durning,John Goodman,Michael Badalucco,Holly Hunter,Stephen Root,Chris Thomas King,Wayne Duvall,Daniel von Bargen,J.R. Horne,Brian Reddy,Frank Collison"
American Psycho,4.0,3.95,0.05,,102,1:42,"English,Spanish,Cantonese",Mary Harron,2000,"Drama,Thriller,Crime",Canada,126396,883762,"Christian Bale,Willem Dafoe,Jared Leto,Josh Lucas,Samantha Mathis,Matt Ross,Bill Sage,Chloë Sevigny,Cara Seymour,Justin Theroux,Guinevere Turner,Reese Witherspoon,Krista Sutton,Reg E. Cathey,Anthony Lemke,Stephen Bogaert,Monika Meier,Blair Williams,Marie Dame"
Fight Club,5.0,4.29,0.71,,139,2:19,English,David Fincher,1999,"Drama,Comedy,Thriller",Germany,118271,1200650,"Edward Norton,Brad Pitt,Helena Bonham Carter,Meat Loaf,Jared Leto,Zach Grenier,Holt McCallany,Eion Bailey,Richmond Arquette,David Andrews,Christina Cabot,Tim DeZarn,Ezra Buzzington,Bob Stephenson,David Lee Smith,Carl Ciarfalio,Stuart Blumberg,Mark Fite,Matt Winston,Lauren Sánchez,Thom Gossom Jr.,Markus Redmond,Van Quattro,Michael Girardin,David Jean Thomas,Paul Carafotes,Christopher John Fields,Michael Shamus Wiles,George Maguire,Eugenie Bondurant"
American Pie,3.5,3.07,0.43,,95,1:35,English,Chris Weitz,1999,"Comedy,Romance",USA,9822,148682,"Jason Biggs,Chris Klein,Thomas Ian Nicholas,Alyson Hannigan,Shannon Elizabeth,Tara Reid,Eddie Kaye Thomas,Seann William Scott,Eugene Levy,Natasha Lyonne,Mena Suvari,Jennifer Coolidge,Chris Owen,Eric Lively,Molly Cheek,Eli Marienthal,Tara Subkoff,Lawrence Pressman,Clyde Kusatsu,Christina Milian,Woody Schultz,Annika Hays,Eden Riegel,Justin Isfeld,John Cho,Alexandra Adi,Akuyoe Graham,Veronica Lauren,Monica McSwain,Fletcher Sheridan,Robyn Roth,Jamar Cargo,Sasha Barrese,Linda Gehringer,Ashton Dane,Katie Lansdale,Jay Rossi,James DeBello"
10 Things I Hate About You,5.0,4.04,0.96,,97,1:37,"English,French",Gil Junger,1999,"Comedy,Romance,Drama",USA,76516,547749,"Heath Ledger,Julia Stiles,Joseph Gordon-Levitt,Larisa Oleynik,David Krumholtz,Andrew Keegan,Susan May Pratt,Gabrielle Union,Larry Miller,Daryl Mitchell,Allison Janney,David Leisure,Greg Jackson,Kyle Cease,Terence Heuston,Cameron Fraser,Eric Riedmann,Quinn Maixner"
The Matrix,3.0,4.16,-1.16,,136,2:16,English,Lilly Wachowski,1999,"Action,Science Fiction",USA,79523,829125,"Keanu Reeves,Laurence Fishburne,Carrie-Anne Moss,Hugo Weaving,Joe Pantoliano,Marcus Chong,Anthony Ray Parker,Matt Doran,Gloria Foster,Belinda McClory,Paul Goddard,Robert Taylor,Ada Nicodemou,Julian Arahanga,David Aston"
The Truman Show,4.0,4.18,-0.18,,103,1:43,"English,Spanish",Peter Weir,1998,"Comedy,Drama",USA,69782,917040,"Jim Carrey,Laura Linney,Noah Emmerich,Natascha McElhone,Ed Harris,Holland Taylor,Paul Giamatti,Brian Delate,Peter Krause,Blair Slater,Heidi Schanz,Una Damon,Krista Lynn Landolfi,O-Lan Jones,Ron Taylor,Don Taylor,Ted Raymond,Harry Shearer,Jeanette Miller,Philip Glass,Joe Minjares,Philip Baker Hall,John Pleshette,Terry Camilleri,Joel McKinnon Miller,Judy Clayton,Fritz Dominique,Angel Schmiedt"
The Big Lebowski,2.5,4.11,-1.61,,117,1:57,"English,Hebrew (modern),Spanish,German",Joel Coen,1998,"Comedy,Crime",UK,44263,468781,"Jeff Bridges,John Goodman,Steve Buscemi,Julianne Moore,David Huddleston,Philip Seymour Hoffman,John Turturro,Sam Elliott,Peter Stormare,David Thewlis,Tara Reid,Ben Gazzara,Torsten Voges,Flea,Aimee Mann,Philip Moon"
Good Will Hunting,5.0,4.21,0.79,,127,2:07,English,Gus Van Sant,1997,Drama,USA,36451,519295,"Matt Damon,Robin Williams,Ben Affleck,Stellan Skarsgård,Minnie Driver,Casey Affleck,Cole Hauser,Vik Sahay,John Mighton,Rachel Majorowski,Colleen McCauley,Matt Mercier,Ralph St. George,Rob Lynds,Dan Washington,Alison Folland,Derrick Bridgeman,Shannon Egleson,Rob Lyons"
Titanic,5.0,3.78,1.22,,194,3:14,"English,French,German,Swedish,Italian,Russian",James Cameron,1997,"Romance,Drama",USA,34577,659137,"Leonardo DiCaprio,Kate Winslet,Billy Zane,Gloria Stuart,Kathy Bates,Frances Fisher,Bill Paxton,Bernard Hill,David Warner,Victor Garber,Jonathan Hyde,Lewis Abernathy,Suzy Amis,Nicholas Cascone,Danny Nucci,Jason Barry,Lew Palter,Eric Braeden,Ewan Stewart,Bernard Fox,Ioan Gruffudd,Jonny Phillips,Edward Fletcher,Scott G. Anderson,Martin East,Gregory Cooke,Alexandrea Owens,Seth Adkins,Michael Ensign,Anatoly M. Sagalevitch,Martin Hub,Mark Lindsay Chapman,Richard Graham,Paul Brightwell,Craig Kelly,Ron Donachie,Charlotte Chatton,Fannie Brett,Jenette Goldstein,Camilla Overbye Roos,Linda Kerns,Amy Gaipa,Martin Jarvis,Rosalind Ayres,Rochelle Rose,Jonathan Evans-Jones,Rocky Taylor"
Boogie Nights,3.5,4.16,-0.66,,156,2:36,English,Paul Thomas Anderson,1997,Drama,USA,41712,243999,"Mark Wahlberg,Julianne Moore,Burt Reynolds,Don Cheadle,John C. Reilly,Heather Graham,William H. Macy,Luis Guzmán,Philip Seymour Hoffman,Philip Baker Hall,Rico Bueno,Nicole Ari Parker,Samson Barkhordarian,Nina Hartley,Alfred Molina,Brad Braeden,Joanna Gleason,Lawrence Hudd,Michael Stein,Stanley DeSantis,Patricia Forte,Kai Lennox,Laurel Holloman,Jason Andrews,Robert Ridgely,Little Cinderella,Greg Lauren,Tom Dorfmeister,Jason ""Jake"" Cross,Ricky Jay,Jack Wallace,Selwyn Emerson Miller,Jamielyn Lippman,Missy Spell Tanner,Raymond Laboriel,Melora Walters,Jon Brion,Brian Kehew"
Scream,4.0,4.05,-0.05,,112,1:52,English,Wes Craven,1996,"Crime,Mystery,Horror",USA,90397,452868,"David Arquette,Neve Campbell,Courteney Cox,Matthew Lillard,Rose McGowan,Skeet Ulrich,Jamie Kennedy,W. Earl Brown,Liev Schreiber,Joseph Whipp,Drew Barrymore,Roger L. Jackson,Kevin Patrick Walls,David Booth,Carla Hatley,Lawrence Hecht"
Fargo,4.0,4.2,-0.20,,98,1:38,English,Joel Coen,1996,"Drama,Crime,Thriller",UK,43304,431832,"Frances McDormand,William H. Macy,Steve Buscemi,Peter Stormare,John Carroll Lynch,Harve Presnell,Kristin Rudrüd,Bruce Bohne,Steve Reevis,Steve Park,Gary Houston,Sally Wingert,Larissa Kokernot,Melissa Peterman"
Toy Story,5.0,4.15,0.85,,81,1:21,English,John Lasseter,1995,"Animation,Adventure,Comedy,Family",USA,24586,672105,"Tom Hanks,Tim Allen,Don Rickles,Jim Varney,Wallace Shawn,John Ratzenberger,Annie Potts,John Morris,Erik von Detten,Laurie Metcalf,R. Lee Ermey,Sarah Freeman,Penn Jillette,Jack Angel,Spencer Aste,Greg Berg,Lisa Bradley"
The Shawshank Redemption,5.0,4.48,0.52,,142,2:22,English,Frank Darabont,1994,"Drama,Crime",USA,43289,698079,"Tim Robbins,Morgan Freeman,Bob Gunton,William Sadler,Clancy Brown,Gil Bellows,Mark Rolston,James Whitmore,Jeffrey DeMunn,Larry Brandenburg,Neil Giuntoli,Brian Libby,David Proval,Joseph Ragno,Jude Ciccolella,Paul McCrane,Renee Blaine,Scott Mann,John Horton,Gordon Greene,Alfonso Freeman,V.J. Foster,John E. Summers,Frank Medrano"
Forrest Gump,4.0,4.13,-0.13,,142,2:22,English,Robert Zemeckis,1994,"Romance,Comedy,Drama",USA,37882,892745,"Tom Hanks,Robin Wright,Gary Sinise,Mykelti Williamson,Sally Field,Michael Conner Humphreys,Hanna Hall,Haley Joel Osment,Siobhan Fallon Hogan,Afemo Omilami,Peter Dobson,Sonny Shroyer,George Kelly,Sam Anderson,Margo Moorer,Christopher Jones,Kevin Mangan,Brett Rice,Daniel C. Striepeke,David Brisbin,Kirk Ward,Marlena Smalls,Kitty K. Green,Mark Matheisen,Al Harrington,Joe Washington,Jed Gillin,Don Fischer,Matt Wallace,Mike Jolly,Michael Kemmerling,John Voldstad"
The Lion King,3.0,4.2,-1.20,,89,1:29,English,Roger Allers,1994,"Drama,Family,Animation",USA,20167,577390,"Matthew Broderick,James Earl Jones,Jeremy Irons,Rowan Atkinson,Moira Kelly,Whoopi Goldberg,Cheech Marin,Jim Cummings,Robert Guillaume,Nathan Lane,Ernie Sabella,Madge Sinclair"
Pulp Fiction,4.0,4.29,-0.29,,154,2:34,"English,Spanish,French",Quentin Tarantino,1994,"Crime,Thriller",USA,71039,1138806,"John Travolta,Samuel L. Jackson,Uma Thurman,Bruce Willis,Ving Rhames,Harvey Keitel,Eric Stoltz,Tim Roth,Amanda Plummer,Maria de Medeiros,Quentin Tarantino,Christopher Walken,Rosanna Arquette,Peter Greene,Duane Whitaker,Angela Jones,Phil LaMarr,Steve Buscemi,Bronagh Gallagher,Laura Lovelace,Frank Whaley,Burr Steers"
The Silence of the Lambs,5.0,4.31,0.69,,119,1:59,English,Jonathan Demme,1991,"Thriller,Drama,Crime",USA,56553,774520,"Jodie Foster,Anthony Hopkins,Scott Glenn,Ted Levine,Anthony Heald,Brooke Smith,Diane Baker,Kasi Lemmons,Frankie Faison,Tracey Walter,Charles Napier,Danny Darst,Alex Coleman,Dan Butler,Paul Lazar,Ron Vawter,Roger Corman,Lawrence A. Bonney,Lawrence T. Wrentz,Don Brockett,Frank Seals Jr.,Stuart Rudin,Masha Skorobogatov,Jeffrie Lane,Leib Lensky"
GoodFellas,5.0,4.43,0.57,,145,2:25,"English,Italian",Martin Scorsese,1990,"Drama,Crime",USA,60179,577730,"Ray Liotta,Robert De Niro,Joe Pesci,Lorraine Bracco,Paul Sorvino,Frank Sivero,Tony Darrow,Mike Starr,Frank Vincent,Chuck Low,Frank DiLeo,Henny Youngman,Gina Mastrogiacomo,Catherine Scorsese,Charles Scorsese,Suzanne Shepherd,Debi Mazar,Margo Winkler,Welker White,Jerry Vale,Julie Garfield,Christopher Serrone,Elaine Kagan,Beau Starr,Kevin Corrigan,Michael Imperioli,Robbie Vinton,Johnny Williams,Daniel P. Conte,Tony Conforti,Frank Pellegrino,Ronald Maccone,Tony Sirico,Joseph D'Onofrio,Steve Forleo,Richard Dioguardi,Frank Adonis,John Manca,Joseph Bono,Katherine Wallach,Mark Evan Jacobs,Angela Pietropinto,Marianne Leone Cooper,Marie Michaels,LoNardo,Melissa Prophet,Illeana Douglas,Susan Varon,Elizabeth Whitcraft,Clem Caserta,Samuel L. Jackson,Fran McGee,Paul Herman,Edward McDonald,Edward Hayes"
Dead Poets Society,4.0,4.22,-0.22,,128,2:08,English,Peter Weir,1989,Drama,USA,59539,506121,"Robin Williams,Ethan Hawke,Robert Sean Leonard,Gale Hansen,Josh Charles,Dylan Kussman,Allelon Ruggiero,James Waterston,Norman Lloyd,Kurtwood Smith,Carla Belver,Leon Pownall,George Martin,Joe Aufiery,Matt Carey,Kevin Cooney,Jane Moore,Lara Flynn Boyle,Colin Irving,Alexandra Powers,Melora Walters"
When Harry Met Sally...,4.5,4.02,0.48,,96,1:36,English,Rob Reiner,1989,"Comedy,Romance,Drama",USA,53305,240512,"Billy Crystal,Meg Ryan,Carrie Fisher,Bruno Kirby,Steven Ford,Lisa Jane Persky,Michelle Nicastro,Gretchen Palmer,Robert Alan Beuth,David Burdick,Joe Viviani,Harley Jane Kozak,Joseph Hunt,Kevin Rooney,Franc Luz,Tracy Reiner,Kyle T. Heffner,Kimberley LaMarque"
My Neighbor Totoro,3.0,4.2,-1.20,,86,1:26,Japanese,Hayao Miyazaki,1988,"Family,Fantasy,Animation",Japan,50950,472286,"Noriko Hidaka,Hitoshi Takagi,Chika Sakamoto,Shigesato Itoi,Sumi Shimamoto,Tanie Kitabayashi,Masashi Hirose,Yûko Maruyama,Shigeru Chiba,Toshiyuki Amagasa"
Ferris Bueller's Day Off,3.5,3.96,-0.46,,103,1:43,English,John Hughes,1986,Comedy,USA,41474,471723,"Matthew Broderick,Alan Ruck,Mia Sara,Jeffrey Jones,Jennifer Grey,Cindy Pickett,Lyman Ward,Edie McClurg,Charlie Sheen,Ben Stein,Del Close,Virginia Capers,Richard Edson,Larry Jenkins,Kristy Swanson,Lisa Bellard,Max Perlich,Scott Coffey"
Back to the Future,3.0,4.2,-1.20,,116,1:56,English,Robert Zemeckis,1985,"Adventure,Comedy,Science Fiction",USA,40935,703180,"Michael J. Fox,Christopher Lloyd,Lea Thompson,Crispin Glover,Thomas F. Wilson,Claudia Wells,Marc McClure,Wendie Jo Sperber,George DiCenzo,Frances Lee McCain,James Tolkan,J.J. Cohen,Casey Siemaszko,Billy Zane,Harry Waters, Jr.,Donald Fullilove,Lisa Freeman,Cristen Kauffman,Elsa Raven,Will Hare,Ivy Bethune,Jason Marin,Katherine Britton"
The Breakfast Club,3.0,3.82,-0.82,,98,1:38,English,John Hughes,1985,"Comedy,Drama",USA,37895,587791,"Emilio Estevez,Paul Gleason,Anthony Michael Hall,John Kapelos,Judd Nelson,Molly Ringwald,Ally Sheedy,Perry Crawford,Mary Christian,Ron Dean,Tim Gamble,Fran Gargano,Mercedes Hall"
Return of the Jedi,4.0,4.01,-0.01,,135,2:15,English,Richard Marquand,1983,"Science Fiction,Adventure,Action",USA,38347,565027,"Mark Hamill,Harrison Ford,Carrie Fisher,Billy Dee Williams,Anthony Daniels,Peter Mayhew,Sebastian Shaw,Ian McDiarmid,Frank Oz,James Earl Jones,David Prowse,Alec Guinness,Kenny Baker,Michael Pennington,Kenneth Colley,Michael Carter,Denis Lawson,Tim Rose,Dermot Crowley,Caroline Blakiston,Warwick Davis,Jeremy Bulloch,Femi Taylor,Annie Arbogast,Claire Davenport,Jack Purvis,Mike Edmonds,Jane Busby,Malcolm Dixon,Mike Cottrell,Nicki Reade,Adam Bareham,Jonathan Oliver,Pip Miller,Tom Mannion,Margo Apostolos,Ray Armstrong,Eileen Baker,Michael Henbury Ballan,Bobby Bell,Patty Bell,Alan Bennett,Sarah Bennett,Pamela Betts,Danny Blackner,Linda Bowley,Peter Burroughs,Debbie Lee Carrington,Maureen Charlton,Willie Coppen,Sadie Corre,Tony Cox,John Cumming,Jean D'Agostino,Luis De Jesus,Debbie Dixon,Margarita Fernández,Phil Fondacaro,Sal Fondacaro,Tony Friel,Daniel Frishman,John Ghavan,Michael Gilden,Paul Grant,Lydia Green,Lars Green,Pam Grizz,Andrew Herd,J.J. Jackson,Richard Jones"
Blade Runner,5.0,4.09,0.91,,118,1:58,"English,German,Cantonese,Japanese,Hungarian",Ridley Scott,1982,"Drama,Science Fiction,Thriller",USA,57066,538177,"Harrison Ford,Rutger Hauer,Sean Young,Edward James Olmos,M. Emmet Walsh,Daryl Hannah,William Sanderson,Brion James,Joe Turkel,Joanna Cassidy,James Hong,Kevin Thompson"
The Shining,5.0,4.27,0.73,,144,2:24,English,Stanley Kubrick,1980,"Horror,Thriller",USA,81700,919672,"Jack Nicholson,Shelley Duvall,Danny Lloyd,Philip Stone,Scatman Crothers,Joe Turkel,Barry Nelson,Barry Dennen,Tony Burton,Lia Beldam,Billie Gibson"
The Empire Strikes Back,3.0,4.39,-1.39,,124,2:04,English,Irvin Kershner,1980,"Science Fiction,Adventure,Action",USA,50754,686041,"Mark Hamill,Harrison Ford,Carrie Fisher,Billy Dee Williams,Anthony Daniels,David Prowse,Peter Mayhew,Kenny Baker,Frank Oz,Alec Guinness,Jeremy Bulloch,Jason Wingreen,John Hollis,Jack Purvis,Des Webb,Kathryn Mullen,Marjorie Eaton,Clive Revill,Kenneth Colley,Julian Glover,Michael Sheard,Michael Culver,John Dicks,Milton Johns,Mark Jones,Oliver Maguire,Robin Scobey,Bruce Boa,Christopher Malcolm,Denis Lawson"
Halloween,2.0,3.9,-1.90,10/31/2022,91,1:31,English,John Carpenter,1978,"Thriller,Horror",USA,70800,395627,"Donald Pleasence,Jamie Lee Curtis,Nancy Kyes,P.J. Soles,Charles Cyphers,Kyle Richards,Brian Andrews,John Michael Graham,Nancy Stephens,Arthur Malet,Mickey Yablans"
Star Wars,5.0,4.2,0.80,,121,2:01,English,George Lucas,1977,"Adventure,Action,Science Fiction",USA,59315,757339,"Mark Hamill,Harrison Ford,Carrie Fisher,Peter Cushing,Alec Guinness,Anthony Daniels,Kenny Baker,Peter Mayhew,David Prowse,James Earl Jones,Phil Brown,Shelagh Fraser,Jack Purvis,Alex McCrindle,Eddie Byrne,Drewe Henley,Denis Lawson,Garrick Hagon,Jack Klaff,William Hootkins,Angus MacInnes,Jeremy Sinden,Graham Ashley,Don Henderson,Richard LeParmentier,Leslie Schofield,Michael Leader,David Ankrum,Scott Beach,Lightning Bear,Jon Berg,Doug Beswick,Paul Blake,Janice Burchette,Ted Burnett,John Chapman,Gilda Cohen,Tim Condren,Barry Copping,Alfie Curtis,Robert Davies,Maria De Aragon"
Jaws,3.0,4,-1.00,,124,2:04,English,Steven Spielberg,1975,"Thriller,Horror,Adventure",USA,52616,481001,"Roy Scheider,Robert Shaw,Richard Dreyfuss,Murray Hamilton,Lorraine Gary,Chris Rebello,Jay Mello,Jeffrey Kramer,Carl Gottlieb,Susan Backlinie,Jonathan Filley,Lee Fierro"
