Movie,MyRating,LBRating,Difference,ReviewDate,MovieLength,LengthInHour,Languages,Director,ReleaseYear,Genre,Country,NumberOfReviews,NumberOfRatings,Actors
Everything Everywhere All at Once,5.0,4.51,0.49,05/21/2022,140,2:20,"English,Cantonese,Chinese",Daniel Scheinert,2022,"Adventure,Action,Science Fiction",USA,164295,368559,"Michelle Yeoh,Ke Huy Quan,Stephanie Hsu,James Hong,Jamie Lee Curtis,Tallie Medel,Harry Shum Jr.,Jenny Slate,Biff Wiff,Anthony Molinari,Peter Banifaz,Audrey Wasilewski,Andy Le,Brian Le"
Nothing Left to Do but Cry,4.0,3.79,0.21,,113,1:53,Italian,Roberto Benigni,1984,Comedy,Italy,119,3426,"Massimo Troisi,Roberto Benigni,Amanda Sandrelli,Iris Peynado,Carlo Monni,Lidia Venturini,Paolo Bonacelli,Nicola Morelli,Elisabetta Pozzi,Fiorenzo Serra,Peter Boom,Loris Bazzocchi,Jole Silvani,Mario Diano,Ronaldo Bonacchi"
Belle,3.5,3.55,-0.05,03/13/2022,122,2:02,Japanese,Mamoru Hosoda,2021,"Science Fiction,Drama,Music,Animation",Japan,11489,31635,"Kaho Nakamura,Ryo Narita,Shota Sometani,Tina Tamashiro,Lilas Ikuta,Ryôko Moriyama,Michiko Shimizu,Fuyumi Sakamoto,Yoshimi Iwasaki,Sachiyo Nakao,Toshiyuki Morikawa,Mamoru Miyano,Sumi Shimamoto,Koji Yakusho"
jeen-yuhs: A Kanye Trilogy,4.0,4.17,-0.17,02/18/2022,270,4:30,English,Chike Ozah,2022,Documentary,USA,10681,24560,"Kanye West,Donda C. West,Jay-Z,Yasiin Bey,Devo Springsteen,Quddus Phillippe,Xtreme,J. Ivy,John Monopoly,Danny 'DNA' Sorge,Ivy Simmons,Pharrell Williams,Kobe Bryant,Snoop Dogg,Foxy Brown,Talib Kweli,Xzibit,Tarrey Torae,Gee Roberson,Kyambo ""Hip-Hop"" Joshua,Cha-Ka Pilgrim,DJ Clue,Memphis Bleek,Just Blaze,Young Guru,Damon Dash"
Drive,1.0,3.97,-2.97,11/28/2019,100,1:40,English,Nicolas Winding Refn,2011,"Thriller,Drama,Crime",USA,54434,522168,"Ryan Gosling,Carey Mulligan,Bryan Cranston,Albert Brooks,Oscar Isaac,Christina Hendricks,Ron Perlman,Kaden Leos,Jeff Wolfe,James Biberi,Russ Tamblyn,Joe Bucaro III"
"tick, tick...BOOM!",3.0,3.9,-0.9,01/19/2022,120,2:00,"English,Spanish",Lin-Manuel Miranda,2021,Drama,USA,94249,319433,"Andrew Garfield,Alexandra Shipp,Robin de Jesús,Vanessa Hudgens,Joshua Henry,Jonathan Marc Sherman,MJ Rodriguez,Ben Levi Ross,Judith Light,Bradley Whitford,Laura Benanti,Danielle Ferland,Micaela Diamond,Utkarsh Ambudkar,Gizel Jimenez,Kate Rockwell,Aneesa Folds,Joel Perez,Anna A. Louizos,Robyn Goodman,Judy Kuhn,Danny Burstein,Lauren Marcus,Richard Kind,Tariq Trotter,Janet Dacal,Kenita R. Miller,Eddy Lee,Jared Loftin,Kurt Crowley,Ryan Vasquez,Joanna Adler,Sheila Tapia,Ricardo Zayas,Travis Patton,Christopher Jackson,Jelani Alladin,Andrew Bancroft,Chris Sullivan,Luis A. Miranda Jr.,Kelly Watson,Chuck Cooper,André De Shields,Renée Elise Goldsberry,Joel Grey,Wilson Jermaine Heredia,Beth Malone,Howard McGillin,Brian Stokes Mitchell,Bebe Neuwirth,Adam Pascal,Bernadette Peters"
Another Round,3.5,4.01,-0.51,01/06/2022,117,1:57,"Danish,Swedish",Thomas Vinterberg,2020,"Comedy,Drama",Denmark,53375,231230,"Mads Mikkelsen,Thomas Bo Larsen,Lars Ranthe,Magnus Millang,Maria Bonnevie,Susse Wold,Helene Reingaard Neumann,Diêm Camille G.,Martin Greis-Rosenthal,Albert Rudbeck Lindhardt,Frederik Winther Rasmussen,Morten Thunbo,Dorte Højsted,Michael Asmussen,Cassius Aasav Browning,Christiane Gjellerup Koch"
In the Mood for Love,4.5,4.36,0.14,12/10/2021,99,1:39,"Cantonese,French,Spanish",Wong Kar-wai,2000,"Drama,Romance",Hong Kong,44688,213001,"Tony Leung Chiu-wai,Maggie Cheung,Rebecca Pan,Kelly Lai Chen,Siu Ping-lam,Mama Hung,Joe Cheung Tung-Cho,Kam-Wah Koo,Chan Man-Lei,Paulyn Sun,Roy Cheung"
Moulin Rouge!,4.0,3.7,0.3,11/23/2021,128,2:08,"English,French,Spanish",Baz Luhrmann,2001,"Drama,Music,Romance",Australia,20662,143275,"Nicole Kidman,Ewan McGregor,John Leguizamo,Jim Broadbent,Richard Roxburgh,Garry McDonald,Jacek Koman,Matthew Whittet,Kerry Walker,Caroline O'Connor,Christine Anu,Natalie Mendoza,Lara Mulcahy,David Wenham,Kylie Minogue,Ozzy Osbourne,Deobia Oparei,Linal Haft,Keith Robinson,Peter Whitford,Norman Kaye,Arthur Dignam,Carole Skinner,Jonathan Hardy,Plácido Domingo,Kiruna Stamell,Anthony Young,Dee Donavan,Johnny Lockwood,Don Reid,Tara Morice,Daniel Scott,Veronica Beattie,Lisa Callingham,Rosetta Cook,Fleur Denny,Kelly Grauer,Jaclyn Hanson,Michelle Hopper,Fallon King,Wendy McMahon,Tracie Morley,Sue-Ellen Shook,Jenny Wilson,Luke Alleva,Andrew Aroustian,Stephen Colyer,Steve Grace,Mark Hodge,Cameron Mitchell,Deon Nuku,Shaun Parker,Troy Phillips,Rodney Syaranamual,Ashley Wallen"
The French Dispatch,3.0,3.77,-0.77,11/03/2021,108,1:48,"English,French",Wes Anderson,2021,"Drama,Romance,Comedy",Germany,105272,354527,"Bill Murray,Benicio del Toro,Adrien Brody,Tilda Swinton,Léa Seydoux,Frances McDormand,Timothée Chalamet,Lyna Khoudri,Jeffrey Wright,Mathieu Amalric,Steve Park,Owen Wilson,Henry Winkler,Bob Balaban,Lois Smith,Tony Revolori,Denis Ménochet,Liev Schreiber,Elisabeth Moss"
Luca,4.0,3.9,0.1,09/28/2021,95,1:35,"English,Italian",Enrico Casarosa,2021,"Animation,Fantasy,Comedy,Family",USA,92526,377692,"Jacob Tremblay,Jack Dylan Grazer,Emma Berman,Saverio Raimondo,Maya Rudolph,Marco Barricelli,Jim Gaffigan,Peter Sohn,Lorenzo Crisci,Marina Massironi,Luigi La Monica,Sandy Martin,Giacomo Gianniotti"
Akeelah and the Bee,2.5,3.38,-0.88,09/04/2021,112,1:52,English,Doug Atchison,2006,Drama,USA,640,7118,"Keke Palmer,Laurence Fishburne,Angela Bassett,Curtis Armstrong,J.R. Villarreal,Sean Michael Afable,Sahara Garey,Lee Thompson Young,Julito McCullum,Erica Hubbard,Eddie Steeples,Dalia Phillips"
The Pianist,4.0,4.25,-0.25,09/04/2021,150,2:30,"English,German,Polish,Russian",Roman Polanski,2002,"War,Drama",France,13393,244877,"Adrien Brody,Thomas Kretschmann,Frank Finlay,Maureen Lipman,Emilia Fox,Ed Stoppard,Julia Rayner,Jessica Kate Meyer,Michal Zebrowski,Wanja Mues,Richard Ridings,Nomi Sharron,Anthony Milner,Lucy Skeaping,Roddy Skeaping,Ben Harlan,Thomas Lawinky,Joachim Paul Assböck,Roy Smiles,Paul Bradley,Daniel Caltagirone,Andrzej Blumenfeld,Zbigniew Zamachowski,Detlev von Wangenheim,Popeck,Zofia Czerwińska,Udo Kroschwald,Uwe Rathsam,Joanna Brodzik,Katarzyna Bargiełowska,Maja Ostaszewska,John Bennett"
Happy as Lazzaro,4.0,3.9,0.1,07/17/2021,125,2:05,Italian,Alice Rohrwacher,2018,"Drama,Fantasy",France,5543,33512,"Adriano Tardiolo,Agnese Graziani,Luca Chikovani,Alba Rohrwacher,Sergi López,Tommaso Ragno,Natalino Balasso,Nicoletta Braschi,Carlo Massimino,Daria Pascal Attolini,Maddalena Baiocco,Giulia Caccavello,Annunziata Capretto,Alessandro Genovesi,Davide Denci"
Blow-Up,1.5,3.83,-2.33,07/17/2021,111,1:51,English,Michelangelo Antonioni,1966,"Mystery,Thriller,Drama",UK,7300,53535,"David Hemmings,Vanessa Redgrave,Sarah Miles,John Castle,Veruschka von Lehndorff,Jane Birkin,Gillian Hills,Peter Bowles,Julian Chagrin,Claude Chagrin,Jimmy Page,Jeff Beck,Tsai Chin,Susan Brodrick,Peggy Moffitt,Melanie Hampshire"
Bo Burnham: Inside,4.5,4.22,0.28,07/17/2021,87,1:27,English,Bo Burnham,2021,Comedy,USA,83503,252011,Bo Burnham
Animal House,3.0,3.47,-0.47,07/17/2021,109,1:49,English,John Landis,1978,Comedy,USA,3802,43275,"John Belushi,Tim Matheson,John Vernon,Verna Bloom,Tom Hulce,Cesare Danova,Peter Riegert,Mary Louise Weller,Stephen Furst,James Widdoes,Bruce McGill,Mark Metcalf,DeWayne Jessie,Karen Allen,James Daughton,Martha Smith"
Minari,3.5,4.09,-0.59,07/17/2021,115,1:55,"English,Korean",Lee Isaac Chung,2020,Drama,USA,56389,228066,"Steven Yeun,Han Yeri,Youn Yuh-jung,Will Patton,Alan Kim,Noel Kate Cho,Scott Haze,Darryl Cox,Esther Moon,Ben Hall,Eric Starkey,Jacob Wade,James Carroll,Jenny Phagan"
Nomadland,3.5,3.85,-0.35,07/05/2021,108,1:48,English,Chloé Zhao,2020,Drama,USA,66045,283082,"Frances McDormand,David Strathairn,Linda May,Swankie,Gay DeForest,Patricia Grier,Angela Reyes,Carl R. Hughes,Douglas G. Soul,Ryan Aquino,Teresa Buchanan,Karie Lynn McDermott Wilder,Brandy Wilber,Makenzie Etcheverry,Bob Wells,Annette Webb,Rachel Bannon,Bryce Bedsworth,Sherita Deni Coker"
Network,4.0,4.17,-0.17,07/03/2021,122,2:02,English,Sidney Lumet,1976,Drama,USA,11835,73882,"Peter Finch,Faye Dunaway,William Holden,Robert Duvall,Beatrice Straight,Wesley Addy,Ned Beatty,Arthur Burghardt,Bill Burrows,John Carpenter,Jordan Charney,Kathy Cronkite,Ed Crowley,Jerome Dempsey,Conchata Ferrell,Gene Gross,Stanley Grover"
Rocco and His Brothers,3.5,4.22,-0.72,07/03/2021,178,2:58,Italian,Luchino Visconti,1960,"Drama,Crime",Italy,2084,13631,"Alain Delon,Renato Salvatori,Annie Girardot,Katina Paxinou,Alessandra Panaro,Spiros Focás,Max Cartier,Corrado Pani,Rocco Vidolazzi,Claudia Mori,Adriana Asti,Enzo Fiermonte,Nino Castelnuovo"
To All the Boys: Always and Forever,2.0,2.7,-0.7,07/03/2021,115,1:55,"English,Korean",Michael Fimognari,2021,"Romance,Comedy,Drama",USA,18535,73164,"Lana Condor,Noah Centineo,Janel Parrish,Anna Cathcart,Ross Butler,Madeleine Arthur,Emilija Baranac,Trezzo Mahoro,Sarayu Blue,John Corbett,Henry Thomas,Sofia Black-D'Elia,June B. Wilde,Kelcey Mawema,C. Ernst Harth,Ese Atawo,Rhianna Jagpal,Michael Delleva,Molly Grace,Momona Tamada,Rian McCririck"
La Dolce Vita,1.0,4.22,-3.22,07/03/2021,176,2:56,"Italian,German,English,French",Federico Fellini,1960,"Drama,Comedy",France,6586,54888,"Marcello Mastroianni,Anita Ekberg,Anouk Aimée,Yvonne Furneaux,Magali Noël,Alain Cuny,Annibale Ninchi,Walter Santesso,Valeria Ciangottini,Riccardo Garrone,Ida Galli,Audrey McDonald,Polidor,Alain Dijon,Mino Doro,Giulio Girola,Laura Betti,Nico,Domino,Carlo Musto,Enzo Cerusico,Giulio Paradisi,Enzo Doria,Enrico Glori,Adriana Moneta,Massimo Busetti,Lex Barker,Jacques Sernas,Nadia Gray,Giuseppe Addobbati,Conte Brunoro Serego Aligheri,Gabriella Andreini,Federika André,Armando Annuale,Joan Antequera,Juan Antequero,Gianni Baghino,Nadia Balabine,Ignazio Balsamo,Remo Benedetti,Andrea Bianchi,Lars Bloch,Leonardo Botta,Ida Bracci Dorati,Ferdinando Brofferio,Giovanna Busetti,Tito Buzzo,Daniela Calvino,Tony Campanino,Fabrizio Capucci,Donato Castellaneta,Adriano Celentano,Elisabetta Cini,Giulio Citti,Leo Coleman,Nani Colombo,Mario Conocchia,Francesco Consalvo,Tiziano Cortini,Decimo Cristiani,Mario De Grenet,Andrea De Pino,Adele De Rossi,Donatella Della Nora,Christine Denise,Katherine Denise"
Judas and the Black Messiah,3.5,4.02,-0.52,07/03/2021,126,2:06,English,Shaka King,2021,"Drama,History",Canada,40539,184059,"Lakeith Stanfield,Daniel Kaluuya,Dominique Fishback,Jesse Plemons,Ashton Sanders,Algee Smith,Darrell Britt-Gibson,Lil Rel Howery,Dominique Thorne,Martin Sheen,Amari Cheatom,Ian Duff,Caleb Eberhardt,Robert Longstreet"
Bicycle Thieves,5.0,4.25,0.75,06/24/2021,89,1:29,Italian,Vittorio De Sica,1948,Drama,Italy,12366,94334,"Lamberto Maggiorani,Enzo Staiola,Lianella Carell,Elena Altieri,Gino Saltamerenda,Giulio Chiari,Vittorio Antonucci,Michele Sakara,Carlo Jachino,Emma Druetti,Giulio Battiferri,Sergio Leone,Mario Meniconi"
The Iron Crown,0.5,3.12,-2.62,06/24/2021,108,1:48,Italian,Alessandro Blasetti,1941,"Adventure,Fantasy",Italy,12,100,"Gino Cervi,Massimo Girotti,Luisa Ferida,Elisa Cegani,Paolo Stoppa,Marcello Mastroianni"
The Salesman,5.0,3.78,1.22,06/24/2021,125,2:05,Persian (Farsi),Asghar Farhadi,2016,"Drama,Thriller",France,3019,30606,"Shahab Hosseini,Tarane Alidousti,Babak Karimi,Mina Sadati,Mehdi Koushki,Farid Sajjadi Hosseini,Maral Bani Adam,Mojtaba Pirzadeh,Sam Valipour,Shirin Aghakashi,Emad Emami,Sahra Asadollahe,Ehteram Boroumand,Erfan Barzin,Alireza Rofougaran"
Small Axe,4.0,4.19,-0.19,06/24/2021,406,6:46,English,Steve McQueen,2020,Drama,UK,916,5038,
Queen & Slim,4.0,3.65,0.35,06/15/2021,131,2:11,"English,Italian",Melina Matsoukas,2019,"Romance,Crime,Drama",Canada,10841,50585,"Daniel Kaluuya,Jodie Turner-Smith,Bokeem Woodbine,Chloë Sevigny,Flea,Sturgill Simpson,Indya Moore,Benito Martinez,Jahi Di'Allo Winston,Gralen Bryant Banks,Dickson Obahor"
I May Destroy You,5.0,4.5,0.5,06/15/2021,368,6:08,"English,Italian,Twi",Sam Miller,2020,Drama,UK,5229,28876,"Michaela Coel,Weruche Opia,Paapa Essiedu"
"A White, White Day",4.0,3.54,0.46,06/15/2021,109,1:49,Icelandic,Hlynur Pálmason,2019,Drama,Denmark,1137,5880,"Ingvar E. Sigurðsson,Ída Mekkín Hlynsdóttir,Hilmir Snær Guðnason,Björn Ingi Hilmarsson,Elma Stefanía Ágústsdóttir,Sara Dögg Ásgeirsdóttir,Haraldur Ari Stefánsson,Sigurður Sigurjónsson,Arnmundur Ernst Björnsson,Laufey Elíasdóttir,Thor Tulinius,Sverrir Þór Sverrisson"
"What Happened, Miss Simone?",3.5,3.83,-0.33,06/15/2021,101,1:41,English,Liz Garbus,2015,"Documentary,Music",USA,1854,16827,"Nina Simone,Lisa Simone,Dick Gregory,Stanley Crouch,Elisabeth Henry-Macari,Ilyasah Shabazz"
Thank You for Smoking,3.5,3.55,-0.05,06/15/2021,92,1:32,English,Jason Reitman,2005,"Drama,Comedy",USA,3399,48526,"Aaron Eckhart,Maria Bello,Cameron Bright,Adam Brody,Sam Elliott,Katie Holmes,Rob Lowe,William H. Macy,Robert Duvall,David Koechner,J.K. Simmons,Kim Dickens,Connie Ray,Joan Lunden,Mary Jo Smith,Todd Louiso,Jeff Witzke,Marianne Muellerleile"
Godzilla vs. Kong,3.0,2.9,0.1,04/14/2021,113,1:53,English,Adam Wingard,2021,"Action,Science Fiction,Fantasy",USA,66663,228712,"Alexander Skarsgård,Millie Bobby Brown,Rebecca Hall,Brian Tyree Henry,Shun Oguri,Eiza González,Julian Dennison,Lance Reddick,Kyle Chandler,Demián Bichir,Kaylee Hottle,Hakeem Kae-Kazim,Ronny Chieng,John Pirruccello,Chris Chalk,Conlan Casal,Brad McMurray,Benjamin Rigby,Nick Turello"
My Neighbor Totoro,3.0,4.19,-1.19,12/31/2020,86,1:26,Japanese,Hayao Miyazaki,1988,"Family,Fantasy,Animation",Japan,42515,398144,"Noriko Hidaka,Hitoshi Takagi,Chika Sakamoto,Shigesato Itoi,Sumi Shimamoto,Tanie Kitabayashi,Masashi Hirose,Yûko Maruyama,Shigeru Chiba,Toshiyuki Amagasa"
To the Ends of the Earth,3.5,3.59,-0.09,12/30/2020,120,2:00,"Japanese,English,Uzbek",Kiyoshi Kurosawa,2019,Drama,Japan,1211,5182,"Atsuko Maeda,Shota Sometani,Tokio Emoto,Ryo Kase,Adiz Radjabov,Muyassar Berdiqulova,Maruf Otajonov"
"Yes, God, Yes",1.5,3.04,-1.54,,78,1:18,English,Karen Maine,2019,"Comedy,Drama",UK,15670,54463,"Natalia Dyer,Timothy Simons,Wolfgang Novogratz,Francesca Reale,Susan Blackwell,Parker Wierling,Alisha Boe,Donna Lynne Champlin,Allison Shrum,Matt Lewis,Carey Van Driest"
Soul,5.0,4.03,0.97,,101,1:41,English,Pete Docter,2020,"Family,Comedy,Animation,Fantasy",USA,97404,608753,"Jamie Foxx,Tina Fey,Graham Norton,Rachel House,Alice Braga,Richard Ayoade,Phylicia Rashād,Donnell Rawlings,Questlove,Angela Bassett,Cora Champommier,Margo Hall"
Class Action Park,3.5,3.28,0.22,,90,1:30,English,Seth Porges,2020,Documentary,USA,5978,21174,"Chris Gethard,Jason Scott Sadofsky,Jimmy Kimmel,Johnny Knoxville,Alison Becker,John Hodgman,Layne Staley,Jerry Cantrell,Seth Porges"
Wonder Woman 1984,2.0,2.33,-0.33,,151,2:31,English,Patty Jenkins,2020,"Adventure,Action,Fantasy",USA,63234,245596,"Gal Gadot,Chris Pine,Kristen Wiig,Pedro Pascal,Robin Wright,Connie Nielsen,Lilly Aspell,Amr Waked,Kristoffer Polaha,Natasha Rothwell,Ravi Patel,Oliver Cotton,Lucian Perez,Gabriella Wilde,Kelvin Yu,Stuart Milligan,Shane Attwooll,David Al-Fahmi,Kevin Wallace,Wai Wong,Doutzen Kroes,Hari James,Betty Adewole,Camilla Roholm,Jessie Graff,Brontë Lavine,Briony Scarlett,Jade Johnson,Miranda Chambers,Moe Sasegbon,Gwendolyn Osborne-Smith,Hayley Warnes,Saïd Taghmaoui,Ewen Bremner,Eugene Brave Rock,Lucy Davis,Lyon Beckwith,Ryan Watson,Jimmy Burke,Brandon Thane Wilson,Oakley Bull,Andy Riddle,Rey Rey Terry,Tina Edwards,Bill Debrason,Rick Kain,Vickie Warehime,Mike D. Anderson,Christopher Crutchfield Walker,Gina Grinkemeyer,Cassandra Newman,Valerie Leonard,Susan Smythe,Bob Cusack,John Bucy,Patrick Gover,Tracy Tobin,Mitch Holson,Ashley Gladden"
Martin Eden,4.0,3.7,0.3,12/23/2020,129,2:09,"Italian,French",Pietro Marcello,2019,"Romance,Drama",France,2683,14085,"Luca Marinelli,Jessica Cressy,Vincenzo Nemolato,Marco Leonardi,Elisabetta Valgoi,Pietro Ragusa,Carlo Cecchi,Aniello Arena,Chiara Francini,Rinat Khismatouline,Lana Vlady,Diego Sepe,Gaetano Bruno"
This Christmas,3.5,3.13,0.37,12/23/2020,117,1:57,English,Preston A. Whitmore II,2007,"Romance,Comedy,Drama",USA,372,1995,"Loretta Devine,Delroy Lindo,Idris Elba,Regina King,Laz Alonso,Lauren London,Chris Brown,Sharon Leal,Columbus Short,Ricky Harris,Keith Robinson,Mekhi Phifer,Jessica Stroup"
Lady and the Tramp,3.5,2.83,0.67,12/23/2020,111,1:51,English,Charlie Bean,2019,"Romance,Comedy,Family",USA,4257,22482,"Tessa Thompson,Justin Theroux,Kiersey Clemons,Thomas Mann,Ashley Jensen,Benedict Wong,Janelle Monáe,Yvette Nicole Brown,Arturo Castro,Adrian Martinez,Sam Elliott,Ken Jeong,Clancy Brown"
Waves,4.5,3.81,0.69,12/23/2020,136,2:16,English,Trey Edward Shults,2019,"Romance,Drama",USA,22881,78632,"Kelvin Harrison Jr.,Taylor Russell,Renée Elise Goldsberry,Sterling K. Brown,Lucas Hedges,Alexa Demie,Neal Huff,Clifton Collins Jr.,Krisha Fairchild,Ruben E.A. Brown,Joshua Brockington,Vivi Pineda,David Garelik"
The Only Living Boy in New York,1.5,2.63,-1.13,12/23/2020,88,1:28,English,Marc Webb,2017,Drama,USA,1395,6793,"Callum Turner,Jeff Bridges,Kate Beckinsale,Pierce Brosnan,Cynthia Nixon,Kiersey Clemons,Tate Donovan,Wallace Shawn,Anh Duong,Debi Mazar,Ben Hollandsworth,John Bolger,Bill Camp,Dean Ciallella"
Uncle Frank,2.0,3.67,-1.67,12/23/2020,95,1:35,"English,Arabic",Alan Ball,2020,Drama,USA,5958,25326,"Paul Bettany,Sophia Lillis,Peter Macdissi,Steve Zahn,Judy Greer,Margo Martindale,Stephen Root,Lois Smith,Jane McNeill,Caity Brewer,Hannah Black,Michael Banks Repeta,Burgess Jenkins,Colton Ryan,Britt Rentschler,Christopher Speed,Cole Doman,Voltaire Colin Council"
The Beaches of Agnès,3.5,4.28,-0.78,12/23/2020,110,1:50,French,Agnès Varda,2008,Documentary,France,2531,10886,"Agnès Varda,André Lubrano,Blaise Fournier,Vincent Fournier,Rosalie Varda,Mathieu Demy,Jane Birkin,Gérard Depardieu,Harrison Ford"
Shutter Island,4.5,4.04,0.46,10/31/2020,138,2:18,"English,German",Martin Scorsese,2010,"Thriller,Mystery,Drama",USA,42468,626998,"Leonardo DiCaprio,Mark Ruffalo,Ben Kingsley,Emily Mortimer,Max von Sydow,Michelle Williams,Jackie Earle Haley,Patricia Clarkson,Ted Levine,John Carroll Lynch,Elias Koteas,Robin Bartlett,Christopher Denham,Joseph Sikora,Curtiss Cook,Gary Galone"
National Treasure,5.0,3.19,1.81,,131,2:11,"English,Latin,Spanish",Jon Turteltaub,2004,"Mystery,Adventure,Action,Thriller",USA,11748,137416,"Nicolas Cage,Diane Kruger,Justin Bartha,Sean Bean,Jon Voight,Harvey Keitel,Christopher Plummer,David Dayan Fisher,Stewart Finlay-McLennan,Oleg Taktarov,Stephen A. Pope,Annie Parisse,Mark Pellegrino,Armando Riesco,Erik King"
Dick Johnson Is Dead,4.0,3.87,0.13,10/09/2020,89,1:29,English,Kirsten Johnson,2020,Documentary,USA,8376,28366,"Richard Johnson,Kirsten Johnson,Isla Sierck,Jed Sierck,Felix Torres,Viva Torres,Raymond Damazo,Michael Hilow,Michael Melton,Joanne Reiner Tucker,Ken Tucker,Laurie McEwan,Lyn Schildwachter,Julie Tilton"
The Florida Project,3.5,4.11,-0.61,09/25/2020,112,1:52,"English,Portuguese,Spanish",Sean Baker,2017,Drama,USA,51625,311028,"Willem Dafoe,Brooklynn Prince,Bria Vinaite,Valeria Cotto,Christopher Rivera,Caleb Landry Jones,Aiden Malik,Josie Olivo,Edward Pagan,Patti Wiley,Jasineia Ramos,Rosa Medina Perez,Mela Murder,Krystal Gordon,Bronwyn Valley,Kelly Fitzgerald,Sandy Kane,Jim R. Coleman"
Cuties,2.0,2.56,-0.56,09/20/2020,96,1:36,"French,Wolof",Maïmouna Doucouré,2020,Drama,France,4958,15163,"Fathia Youssouf Abdillahi,Medina El Aidi,Esther Gohourou,Ilanah Cami-Goursolas,Myriam Hamma,Maïmouna Gueye,Mbissine Thérèse Diop,Demba Diaw,Mamadou Samaké,Vincent Vidal,Jean-Paul Castro"
I'm Thinking of Ending Things,2.0,3.49,-1.49,09/20/2020,135,2:15,English,Charlie Kaufman,2020,"Mystery,Drama,Thriller",USA,74214,255587,"Jesse Plemons,Jessie Buckley,Toni Collette,David Thewlis,Guy Boyd,Hadley Robinson,Gus Birney,Abby Quinn,Colby Minifie,Anthony Grasso,Teddy Coluca,Jason Ralph,Oliver Platt,Frederick E. Wodlin,Ryan Steele,Unity Phelan"
Portrait of a Lady on Fire,4.5,4.43,0.07,09/06/2020,120,2:00,"French,Italian",Céline Sciamma,2019,"Drama,Romance",France,85682,346456,"Noémie Merlant,Adèle Haenel,Luàna Bajrami,Valeria Golino,Christel Baras,Armande Boulanger,Guy Delamarche,Clément Bouyssou,Michèle Clément,Cécile Morel"
Lucky Grandma,4.0,3.41,0.59,08/22/2020,87,1:27,"English,Chinese,Cantonese",Sasie Sealy,2019,"Crime,Comedy,Drama",USA,970,3517,"Tsai Chin,Hisao-Yuan Ha,Michael Tow,Emma Hong,Yan Xi,Lyman Chen,Clem Cheung,Mason Yam,Wai Ching Ho,Woody Fu,Eddie Yu,Arden Wolfe,Zilong Zee,Kristen Hung,Wayne Chang,Christine Chang,Elvis Newman,Ali Ahn,Elbert Kim"
Koyaanisqatsi,3.0,4.19,-1.19,,86,1:26,"English,No spoken language",Godfrey Reggio,1982,Documentary,USA,6017,33050,
The Godfather: Part II,4.0,4.53,-0.53,08/20/2020,202,3:22,"English,Italian,Latin,Spanish",Francis Ford Coppola,1974,"Drama,Crime",USA,25284,330593,"Al Pacino,Robert Duvall,Diane Keaton,Robert De Niro,John Cazale,Talia Shire,Lee Strasberg,Michael V. Gazzo,G. D. Spradlin,Richard Bright,Gastone Moschin,Tom Rosqui,Bruno Kirby,Frank Sivero,Francesca De Sapio,Morgana King,Marianna Hill,Leopoldo Trieste,Dominic Chianese,Amerigo Tot,Troy Donahue,John Aprea,Joe Spinell,Abe Vigoda,Tere Livrano,Gianni Russo,Maria Carta,Oreste Baldini,Giuseppe Sillato,Mario Cotone,James Gounaris,Fay Spain,Harry Dean Stanton,David Baker"
An American Pickle,2.5,2.82,-0.32,08/14/2020,89,1:29,"English,Hebrew (modern),Yiddish",Brandon Trost,2020,"Comedy,Drama",USA,11443,43153,"Seth Rogen,Sarah Snook,Molly Evensen,Eliot Glazer,Kalen Allen,Kevin O'Rourke,Sean Whalen,Geoffrey Cantor,Carol Leifer,Jorma Taccone,Marsha Stephanie Blake,Alyse Zwick,Dalon Huntington,Jeremy Michael Grey,Efka Kvaraciejus,Darryl Bailey Smith II,Dino Rende,Peter Kybart,Joanna Adler,Herb Mendelsohn,Norm Golden,Al Nazemian,Adam Dunhoff"
Frances Ha,3.5,3.96,-0.46,07/31/2020,86,1:26,English,Noah Baumbach,2012,"Comedy,Drama",Brazil,41105,195336,"Greta Gerwig,Mickey Sumner,Michael Esper,Adam Driver,Michael Zegen,Charlotte d'Amboise,Grace Gummer,Patrick Heusinger,Josh Hamilton,Maya Kazan,Justine Lupe,Britta Phillips,Juliet Rylance,Dean Wareham,Hannah Dunne,Daiva Deupree,Isabelle McNally,Vanessa Ray,Lindsay Burdge"
Palm Springs,3.5,3.79,-0.29,07/29/2020,90,1:30,"English,Spanish",Max Barbakow,2020,"Romance,Science Fiction,Comedy",USA,67829,301152,"Andy Samberg,Cristin Milioti,J.K. Simmons,Peter Gallagher,Meredith Hagner,Camila Mendes,Tyler Hoechlin,Chris Pang,Jacqueline Obradors,June Squibb,Tongayi Chirisa,Dale Dickey"
Before Midnight,5.0,4.07,0.93,07/18/2020,109,1:49,"English,Greek (modern),French",Richard Linklater,2013,"Romance,Drama",Greece,26802,156591,"Ethan Hawke,Julie Delpy,Seamus Davey-Fitzpatrick,Jennifer Prior,Charlotte Prior,Xenia Kalogeropoulou,Walter Lassally,Ariane Labed,Yiannis Papadopoulos,Athina Rachel Tsangari,Panos Koronis,Enrico Focardi,Manolis Goussias,Anouk Servera,Yota Argyropoulou,Serafeim Radis,John Sloss"
Amélie,3.0,4.1,-1.1,07/17/2020,122,2:02,"French,Russian",Jean-Pierre Jeunet,2001,"Romance,Comedy",France,26529,336182,"Audrey Tautou,Mathieu Kassovitz,Rufus,Lorella Cravotta,Serge Merlin,Jamel Debbouze,Clotilde Mollet,Claire Maurier,Isabelle Nanty,Dominique Pinon,Artus de Penguern,Yolande Moreau,Urbain Cancelier,Maurice Bénichou,Michel Robin,Andrée Damant,Claude Perron,Armelle,Ticky Holgado,André Dussollier,Eugène Berthier,Charles-Roger Bour,Kevin Dias,Flora Guiet,Amaury Babault,Marion Pressburger,Luc Palun,Fabienne Chaudat,Dominique Bettenfeld,Jacques Viala,Fabien Béhar,Jonathan Joss"
8½,4.0,4.26,-0.26,07/06/2020,139,2:19,"Italian,German,English,French",Federico Fellini,1963,"Fantasy,Drama",Italy,14277,92530,"Marcello Mastroianni,Claudia Cardinale,Anouk Aimée,Sandra Milo,Rossella Falk,Barbara Steele,Madeleine Lebeau,Caterina Boratto,Eddra Gale,Guido Alberti,Mario Conocchia,Bruno Agostini,Cesarino Miceli Picardi,Jean Rougeul,Mario Pisu,Yvonne Casadei,Ian Dallas,Mino Doro,Nadia Sanders"
Hamilton,4.0,4.16,-0.16,07/03/2020,160,2:40,English,Thomas Kail,2020,"History,Drama",USA,40051,160923,"Lin-Manuel Miranda,Leslie Odom Jr.,Renée Elise Goldsberry,Phillipa Soo,Daveed Diggs,Christopher Jackson,Jasmine Cephas Jones,Okieriete Onaodowan,Anthony Ramos,Jonathan Groff,Carleigh Bettiol,Ariana DeBose,Hope Easterbrook"
The Nice Guys,3.0,3.78,-0.78,07/02/2020,116,1:56,English,Shane Black,2016,"Action,Crime,Comedy",UK,40204,323512,"Russell Crowe,Ryan Gosling,Angourie Rice,Matt Bomer,Margaret Qualley,Yaya DaCosta,Keith David,Kim Basinger,Beau Knapp,Lois Smith,Jack Kilmer,Murielle Telio,Gil Gerard,Daisy Tahan,Lance Valentine Butler,Ty Simpkins,Hannibal Buress,Yvonne Zima,Gary Weeks,Lexi Johnson,Matthew Warzel,Chloe Hurst,Steve Wilder,Karrueche Tran"
The Last Black Man in San Francisco,4.5,4.05,0.45,06/21/2020,121,2:01,"English,Haitian, Haitian Creole",Joe Talbot,2019,Drama,USA,21137,79503,"Jimmie Fails,Jonathan Majors,Tichina Arnold,Rob Morgan,Mike Epps,Finn Wittrock,Danny Glover,Isiain Lalime,Jamal Trulove,Jordan Gomes,Maximilienne Ewalt,Jello Biafra"
Do the Right Thing,4.0,4.34,-0.34,06/20/2020,120,2:00,"English,Spanish,Italian,Korean",Spike Lee,1989,Drama,USA,27056,164032,"Danny Aiello,Ossie Davis,Ruby Dee,Richard Edson,Giancarlo Esposito,Rosie Perez,Martin Lawrence,Spike Lee,Bill Nunn,John Turturro,John Savage,Roger Guenveur Smith,Joie Lee,Steve White,Leonard L. Thomas,Christa Rivers,Robin Harris"
The King of Staten Island,2.5,3.5,-1.0,06/19/2020,137,2:17,English,Judd Apatow,2020,"Comedy,Drama",USA,27362,121928,"Pete Davidson,Marisa Tomei,Bill Burr,Bel Powley,Maude Apatow,Steve Buscemi,Pamela Adlon,Action Bronson,Kevin Corrigan,Ricky Velez,Moisés Arias,Lou Wilson,Carly Aquilino,Robert Vidal III,Angus Costello,Pauline Chalamet,Lynne Koplitz,Joseph Paul Kennedy,Nina Hellman,Jack Hamblin,Stephen Davidson,Keith Robinson,Luke David Blumm,Liza Treyger"
What We Do in the Shadows,4.0,4.1,-0.1,,86,1:26,"English,German",Taika Waititi,2014,"Horror,Comedy",New Zealand,40352,278788,"Taika Waititi,Jemaine Clement,Jonny Brugh,Cori Gonzalez-Macuer,Stu Rutherford,Ben Fransham,Jackie van Beek,Elena Stejko,Jason Hoyte,Karen O'Leary,Mike Minogue,Chelsie Preston Crayford,Ian Harcourt,Ethel Robinson,Brad Harding,Isaac Heron,Yvette Parsons,Madeleine Sami,Aaron Jackson,Morgana Hills"
Impractical Jokers: The Movie,2.0,2.8,-0.8,,92,1:32,English,Chris Henchy,2020,Comedy,USA,3809,10855,"Paula Abdul,Joe Gatto,James Murray,Brian Quinn,Sal Vulcano,Jaden Smith,Joey Fatone,Salvatore Volcano Sr.,Evan Castelloe,Sierra Pond,Madison Bailey,Jessica Megan Rivera,Sailor Larocque"
Reservoir Dogs,4.0,4.12,-0.12,06/11/2020,99,1:39,English,Quentin Tarantino,1992,"Crime,Thriller",USA,33297,480089,"Harvey Keitel,Tim Roth,Michael Madsen,Chris Penn,Steve Buscemi,Lawrence Tierney,Randy Brooks,Kirk Baltz,Edward Bunker,Quentin Tarantino,Rich Turner,David Steen,Tony Cosmo,Stevo Polyi,Michael Sottile"
Shoplifters,4.0,4.19,-0.19,05/30/2020,121,2:01,Japanese,Hirokazu Kore-eda,2018,Drama,Japan,20446,134615,"Lily Franky,Sakura Ando,Mayu Matsuoka,Kairi Jyo,Miyu Sasaki,Kirin Kiki,Sosuke Ikematsu,Naoto Ogata,Yôko Moriguchi,Yuki Yamada,Moemi Katayama,Kengo Kora,Chizuru Ikewaki,Akira Emoto,Aju Makita,Hajime Inoue,Haruna Hori,Nana Mizoguchi"
Wedding Crashers,2.0,3.09,-1.09,05/24/2020,119,1:59,English,David Dobkin,2005,"Romance,Comedy",USA,5509,94436,"Owen Wilson,Vince Vaughn,Christopher Walken,Rachel McAdams,Isla Fisher,Jane Seymour,Ellen Albertini Dow,Keir O'Donnell,Bradley Cooper,Ron Canada,Henry Gibson"
Sorry We Missed You,3.5,3.85,-0.35,05/24/2020,100,1:40,English,Ken Loach,2019,Drama,Belgium,4987,25580,"Kris Hitchen,Debbie Honeywood,Rhys Stone,Katie Proctor,Ross Brewster,Charlie Richmond,Julian Ions,Sheila Dunkerley,Maxie Peters,Christopher-John Slater,Heather Wood,Alberto Dumba,Natalia Stonebanks,Jordan Collard"
Wajib,5.0,3.84,1.16,05/21/2020,100,1:40,Arabic,Annemarie Jacir,2017,Drama,Germany,330,1577,"Mohammad Bakri,Saleh Bakri,Maria Zreik,Lama Tatour,Monera Shehadeh,Henry Andrawes,Shams Bawardi,Rana Alamuddin,Ossama Bawardi,Sobhi Hosary,Falah Zoabi,Rezik Bawardi,Gaby Abu Sini,Huda Al Imam,Zuhaira Sabbagh,Naheda Azzam Shorrosh,Emil Rock,Ruba Blal"
Little Women,3.5,4.16,-0.66,05/20/2020,135,2:15,"English,French",Greta Gerwig,2019,"Drama,Romance",USA,111598,579494,"Saoirse Ronan,Florence Pugh,Emma Watson,Eliza Scanlen,Laura Dern,Timothée Chalamet,Meryl Streep,Tracy Letts,Bob Odenkirk,James Norton,Louis Garrel,Jayne Houdyshell,Chris Cooper,Rafael Silva,Mason Alban,Emily Edström,Maryann Plunkett,Hadley Robinson,Lonnie Farmer,Charlotte Kinder,Ana Kayne,Edgar Damatian"
My Name Is Nobody,4.0,3.6,0.4,05/18/2020,117,1:57,Italian,Tonino Valerii,1973,"Comedy,Western",France,734,7370,"Terence Hill,Henry Fonda,Jean Martin,R. G. Armstrong,Karl Braun,Leo Gordon,Steve Kanaly,Geoffrey Lewis,Neil Summers,Piero Lulli,Mario Brega"
Blowin' Up,3.5,3.59,-0.09,,94,1:34,English,Stephanie Wang-Breal,2018,Documentary,USA,26,97,"Kim Affronti,Eliza Hook,Susan Liu,Toko Serita"
Corpus Christi,4.0,3.95,0.05,05/16/2020,116,1:56,Polish,Jan Komasa,2019,Drama,France,4506,23760,"Bartosz Bielenia,Aleksandra Konieczna,Eliza Rycembel,Tomasz Zietek,Barbara Kurzaj,Leszek Lichota,Łukasz Simlat,Zdzisław Wardejn,Anna Biernacik,Lidia Bogacz,Bogdan Brzyski,Malwina Brych,Juliusz Chrząstowski,Radoslaw Ciucias"
Women on the Verge of a Nervous Breakdown,4.0,4.01,-0.01,05/12/2020,88,1:28,Spanish,Pedro Almodóvar,1988,"Drama,Comedy",Spain,10538,52258,"Carmen Maura,Antonio Banderas,Julieta Serrano,María Barranco,Rossy de Palma,Kiti Mánver,Guillermo Montesinos,Chus Lampreave,Eduardo Calvo,Loles León,Ángel de Andrés López"
Honey Boy,4.0,3.83,0.17,05/11/2020,94,1:34,English,Alma Har'el,2019,Drama,USA,26850,115344,"Shia LaBeouf,Lucas Hedges,Noah Jupe,Byron Bowers,Laura San Giacomo,FKA Twigs,Natasha Lyonne,Maika Monroe,Clifton Collins Jr.,Martin Starr,Dorian Brown Pham,Craig Stark"
Les Misérables,3.5,3.78,-0.28,05/05/2020,103,1:43,"French,Bambara",Ladj Ly,2019,"Drama,Crime,Thriller",France,5098,33854,"Damien Bonnard,Alexis Manenti,Djibril Zonga,Steve Tientcheu,Jeanne Balibar,Issa Perica,Al-Hassan Ly,Almamy Kanoute,Nizar Ben Fatma,Raymond Lopez,Luciano Lopez,Jaihson Lopez,Sana Joachaim,Lucas Omiri,Rocco Lopez,Omar Soumare,Ly Lan Chapiron"
The Panama Papers,1.5,3.4,-1.9,05/07/2020,100,1:40,English,Alex Winter,2018,Documentary,USA,148,837,"Elijah Wood,Laura Poitras"
Spider-Man: Into the Spider-Verse,3.0,4.44,-1.44,05/07/2020,117,1:57,"English,Japanese,Spanish",Rodney Rothman,2018,"Action,Adventure,Animation,Science Fiction",USA,117858,970126,"Shameik Moore,Jake Johnson,Hailee Steinfeld,Mahershala Ali,Brian Tyree Henry,Lily Tomlin,Lauren Vélez,Zoë Kravitz,John Mulaney,Kimiko Glenn,Nicolas Cage,Kathryn Hahn,Liev Schreiber,Chris Pine,Natalie Morales,Edwin H. Bravo,Oscar Isaac,Greta Lee,Stan Lee,Jorma Taccone,Joaquín Cosío,Marvin 'Krondon' Jones III,Kim Yarbrough,Lake Bell,Jessica Mikayla Adams,Gredel Berrios Calladine,Sarah D. Cole,Kelby Joseph,Mimi Davila,Claudia Choi"
"Tiger King: Murder, Mayhem and Madness",3.5,3.49,0.01,,354,5:54,English,Eric Goode,2020,"Crime,Documentary",USA,16935,107841,
The Platform,4.0,3.28,0.72,03/26/2020,95,1:35,Spanish,Galder Gaztelu-Urrutia,2019,"Thriller,Science Fiction,Drama",Spain,30709,233946,"Iván Massagué,Antonia San Juan,Zorion Eguileor,Emilio Buale,Alexandra Masangkay,Zihara Llana,Mario Pardo,Algis Arlauskas,Txubio Fernández de Jáuregui,Eric Goode,Óscar Oliver,Chema Trujillo,Miriam Martín"
To All the Boys: P.S. I Still Love You,2.0,2.48,-0.48,04/14/2020,102,1:42,English,Michael Fimognari,2020,"Romance,Comedy",USA,18370,102155,"Lana Condor,Noah Centineo,Jordan Fisher,Anna Cathcart,John Corbett,Sarayu Blue,Janel Parrish,Ross Butler,Madeleine Arthur,Emilija Baranac,Trezzo Mahoro,Holland Taylor,Kelcey Mawema,Julie Tao,Momona Tamada,Christian Darrel Scott,Jill Morrison,Maddie Ziegler,Jayden Chow,Ryan Zhang,Susie Lee,Ae Yon Han"
Before Sunset,5.0,4.3,0.7,03/20/2020,80,1:20,"English,French",Richard Linklater,2004,"Romance,Drama",USA,35660,201531,"Ethan Hawke,Julie Delpy,Vernon Dobtcheff,Louise Lemoine Torrès,Rodolphe Pauly,Mariane Plasteig,Diabolo,Denis Evrard,Albert Delpy,Marie Pillet"
The Lighthouse,4.5,4.05,0.45,01/31/2020,109,1:49,English,Robert Eggers,2019,"Thriller,Fantasy,Drama,Horror",Canada,111330,525479,"Robert Pattinson,Willem Dafoe,Valeriia Karaman,Logan Hawkes,Kyla Nicolle,Shaun Clarke,Pierre Richard,Preston Hudson,Jeff Cruts"
The Peanut Butter Falcon,3.5,3.84,-0.34,01/07/2020,97,1:37,English,Tyler Nilson,2019,"Comedy,Adventure,Drama",USA,20976,111477,"Shia LaBeouf,Zack Gottsagen,Dakota Johnson,Thomas Haden Church,John Hawkes,Bruce Dern,Jon Bernthal,Yelawolf,Wayne Dehart,Aurelian Smith Jr.,Mick Foley,Ann Owens,Rob Thomas,Tim Zajaros"
Pain and Glory,2.5,4.0,-1.5,01/06/2020,114,1:54,Spanish,Pedro Almodóvar,2019,Drama,Spain,16138,96695,"Antonio Banderas,Asier Etxeandia,Leonardo Sbaraglia,Nora Navas,Julieta Serrano,Penélope Cruz,César Vicente,Asier Flores,Cecilia Roth,Susi Sánchez,Raúl Arévalo,Pedro Casablanc"
Booksmart,4.5,3.85,0.65,01/06/2020,102,1:42,"English,Spanish,Chinese",Olivia Wilde,2019,Comedy,USA,79512,409755,"Beanie Feldstein,Kaitlyn Dever,Jessica Williams,Billie Lourd,Diana Silvers,Skyler Gisondo,Mason Gooding,Victoria Ruesga,Molly Gordon,Noah Galvin,Austin Crute,Nico Hiraga"
John Mulaney & The Sack Lunch Bunch,3.0,3.76,-0.76,01/03/2020,70,1:10,English,Rhys Thomas,2019,"Comedy,Family",USA,10820,30909,"John Mulaney,Jake Gyllenhaal,Annaleigh Ashford,David Byrne,André De Shields,Richard Kind,Natasha Lyonne,Erin Quill,Shereen Pimentel,Tyler Bourke,Jacob Laval"
Evita,1.5,2.98,-1.48,01/02/2020,134,2:14,"English,Spanish",Alan Parker,1996,"Drama,History,Music",USA,887,8874,"Madonna,Antonio Banderas,Jonathan Pryce,Jimmy Nail,Victoria Sus,Julian Littman,Olga Merediz,Laura Pallas,Julia Worsley,María Luján Hidalgo,Servando Villamil,Andrea Corr,Alan Parker"
Uncut Gems,4.0,3.94,0.06,01/02/2020,136,2:16,English,Josh Safdie,2019,"Drama,Crime,Thriller",USA,111431,585415,"Adam Sandler,Julia Fox,Lakeith Stanfield,Idina Menzel,Kevin Garnett,Eric Bogosian,Judd Hirsch,The Weeknd,Keith Williams Richards,Wayne Diamond,Mike Francesa,Noa Fisher,Tommy Kominik,Ronald Greenberg,Marshall Greenberg,Mitchell Wenig,Hailey Gates,Tilda Swinton,John Amos,Trinidad James,Marcia DeBonis,Jeremy Sample,Jake Ryan,Anthony Mecca,Natasha Lyonne,Sahar Bibiyan,Josh Ostrovsky,Robbie DeRaffele,Warren Finkelstein,Maksud Agadjani,Ca$h Out,Andrea Linsky,Roman Persits,Paloma Elsesser"
Knives Out,4.0,4.04,-0.04,12/30/2019,131,2:11,"English,Spanish",Rian Johnson,2019,"Comedy,Mystery,Crime",USA,147491,1011074,"Daniel Craig,Chris Evans,Ana de Armas,Jamie Lee Curtis,Michael Shannon,Don Johnson,Toni Collette,Lakeith Stanfield,Christopher Plummer,Katherine Langford,Jaeden Martell,Riki Lindhome,Edi Patterson"
Marriage Story,4.0,3.99,0.01,12/19/2019,137,2:17,English,Noah Baumbach,2019,Drama,UK,80013,565250,"Adam Driver,Scarlett Johansson,Laura Dern,Alan Alda,Ray Liotta,Julie Hagerty,Merritt Wever,Azhy Robertson,Wallace Shawn,Martha Kelly,Mark O'Brien,Julia Greer,Matthew Maher,Eric Berryman,Mickey Sumner,Jasmine Cephas Jones,Gideon Glick,Motell Gyn Foster,David Turner,Raymond J. Lee,Mary Wiseman,Pete Simpson"
The Man Who Will Come,3.0,3.65,-0.65,12/16/2019,115,1:55,"Italian,German",Giorgio Diritti,2009,Drama,Italy,23,412,"Alba Rohrwacher,Greta Zuccheri Montanari,Maria Grazia Naldi,Eleonora Mazzoni,Maya Sansa,Claudio Casadio,Stefano Bichocchi,Orfeo Orlando,Diego Pagotto,Bernardo Bolognesi,Stefano Croci,Zoello Gilli,Timo Jacobs,Francesco Modugno,Laura Pizzirani"
Faces Places,4.0,4.08,-0.08,12/15/2019,94,1:34,French,Agnès Varda,2017,Documentary,France,5946,27202,"Agnès Varda,JR,Patricia Mercier"
Punch-Drunk Love,4.0,3.97,0.03,12/06/2019,96,1:36,English,Paul Thomas Anderson,2002,"Drama,Comedy,Romance",USA,42171,205484,"Adam Sandler,Emily Watson,Philip Seymour Hoffman,Luis Guzmán,Mary Lynn Rajskub,Robert Smigel,Jason Andrews,Don McManus,David Schrempf,Seann Conway,Rico Bueno,Hazel Mailloux,Karen Kilgariff,Julie Hermelin,Salvador Curiel,Jorge Barahona"
Always Be My Maybe,3.5,3.14,0.36,12/08/2019,101,1:41,English,Nahnatchka Khan,2019,"Comedy,Romance",USA,15215,86872,"Ali Wong,Randall Park,Keanu Reeves,James Saito,Michelle Buteau,Vivian Bang,Daniel Dae Kim,Karan Soni,Charlyne Yi,Susan Park,Tsutomu Shimura,Casey Wilson,Miya Cech,Emerson Min,Ashley Liao,Jackson Geach,Anaiyah Bernier,Raymond Ma,Peggy Lu,Simon Chin,Panta Mosleh,Karen Holness,Steven E. Rudy"
Spy Kids 3-D: Game Over,2.5,2.29,0.21,12/08/2019,84,1:24,English,Robert Rodriguez,2003,"Action,Adventure,Science Fiction,Comedy,Family",USA,3932,62499,"Antonio Banderas,Carla Gugino,Alexa PenaVega,Daryl Sabara,Ricardo Montalban,Holland Taylor,Sylvester Stallone,Mike Judge,Salma Hayek,Matt O'Leary,Emily Osment,Ryan Pinkston,Robert Vito"
Woman at War,4.0,3.77,0.23,11/29/2019,101,1:41,"Icelandic,English,Spanish,Ukrainian",Benedikt Erlingsson,2018,"Thriller,Drama,Comedy",France,1663,9139,"Halldóra Geirharðsdóttir,Jóhann Sigurðarson,Jörundur Ragnarsson,Haraldur Ari Stefánsson,Olena Lavreniuk,Juan Camillo Roman Estrada,Thorir Sæmundsson,Vala Kristin Eiriksdottir,Jón Gnarr,Margaryta Hilska,Hilmir Snær Guðnason,Björn Thors"
The Two Popes,3.5,3.59,-0.09,12/02/2019,125,2:05,"English,Spanish,German,Italian,Portuguese,French,Latin",Fernando Meirelles,2019,"Comedy,Drama,History",USA,17409,122080,"Anthony Hopkins,Jonathan Pryce,Juan Minujín,Luis Gnecco,Cristina Banegas,María Ucedo,Renato Scarpa,Sidney Cole,Achille Brugnini,Federico Torre,Germán de Silva,Lisandro Fiks,Libero De Rienzo,Willie Jonah,Sofia Mayra Cessak,Vincent Riotta,Daphne Mereu,Martina Sammarco,Juan Miguel Arias,Daniel Juan di Cocco,Josello Bella,Luis Alfredo Huerga Reyna,Andres Carlos Zurita,Guido Nicolas Losantos,Nicola Acunzo"
Hannibal Buress: Comedy Camisado,3.5,3.4,0.1,,67,1:07,English,Lance Bangs,2016,Comedy,USA,413,2626,Hannibal Buress
Jojo Rabbit,4.5,4.06,0.44,11/28/2019,108,1:48,"English,German",Taika Waititi,2019,"Comedy,Drama,War",Czechia,89655,683240,"Roman Griffin Davis,Thomasin McKenzie,Scarlett Johansson,Taika Waititi,Sam Rockwell,Rebel Wilson,Alfie Allen,Stephen Merchant,Archie Yates,Luke Brandon Field,Joe Weintraub,Brian Caspe,James McVan"
Annie Hall,2.5,3.98,-1.48,11/27/2019,93,1:33,"English,German",Woody Allen,1977,"Comedy,Drama,Romance",USA,12869,139947,"Woody Allen,Diane Keaton,Tony Roberts,Carol Kane,Paul Simon,Shelley Duvall,Janet Margolin,Colleen Dewhurst,Christopher Walken,Donald Symington,Helen Ludlam,Mordecai Lawner,Joan Neuman,Jonathan Munk,Ruth Volner,Martin Rosenblatt,Hy Anzell,Rashel Novikoff,Russell Horton,Marshall McLuhan,Christine Jones,Mary Boylan,Wendy Girard,John Doumanian,Bob Maroff,Rick Petrucelli,Lee Callahan,Chris Gampel,Dick Cavett,Mark Lenard,Dan Ruskin,John Glover,Bernie Styles,Johnny Haymer"
La Haine,4.5,4.38,0.12,11/23/2019,98,1:38,French,Mathieu Kassovitz,1995,Drama,France,24850,156981,"Vincent Cassel,Hubert Koundé,Saïd Taghmaoui,Abdel Ahmed Ghili,Souleymane Dicko,Joseph Momo,Héloïse Rauth,Rywka Wajsbrot,Olga Abrego,Laurent Labasse,Choukri Gabteni,Nabil Ben Mhamed,Benoît Magimel,Médard Niang,Arash Mansour,Abdel-Moulah Boujdouni,Mathilde Vitry,Christian Moro,Edouard Montoute,JiBi,Félicité Wouassi"
The Lives of Others,4.0,4.13,-0.13,,137,2:17,German,Florian Henckel von Donnersmarck,2006,"Thriller,Drama",Germany,4672,72498,"Martina Gedeck,Ulrich Mühe,Sebastian Koch,Ulrich Tukur,Thomas Thieme,Hans-Uwe Bauer,Volkmar Kleinert,Matthias Brenner,Bastian Trost,Charly Hübner,Herbert Knaup,Marie Gruber,Hinnerk Schönemann,Thomas Arnold"
Paul Blart: Mall Cop,0.5,2.21,-1.71,11/22/2019,91,1:31,English,Steve Carr,2009,"Comedy,Family,Adventure,Action",USA,4796,71372,"Kevin James,Keir O'Donnell,Jayma Mays,Bobby Cannavale,Shirley Knight,Raini Rodriguez,Stephen Rannazzisi,Peter Gerety,Adam Ferrara,Jamal Mixon,Adhir Kalyan,Erick Avari,Gary Valentine,Allen Covert,Mike Vallely,Mike Escamilla,Jason Ellis,Jason Packham,Rick Thorne,Victor T. Lopez,Natascha Hopkins,Jackie Sandler,Mookie Barker,Jackie Flynn,Richie Minervini,Brie Hill Arbaugh,Steffiana De La Cruz,Dylan Clark Marshall,Bernie McInerney,Tyler Spindel,Bas Rutten,Teresa Zantua,Dahlia Salem,Zele Avradopoulos,Maria Arcé,Robert Harvey,Billy Concha,Michael Burton,Carl Randall,Carla Antonino,Ruby Wendell,Lindsay MacDonald"
Roma,4.0,4.06,-0.06,,135,2:15,"Spanish,English",Alfonso Cuarón,2018,Drama,USA,32247,259660,"Yalitza Aparicio,Marina de Tavira,Diego Cortina Autrey,Carlos Peralta,Marco Graf,Daniela Demesa,Nancy García García,Verónica García,Fernando Grediaga,Jorge Antonio Guerrero,José Manuel Guerrero Mendoza,Andy Cortés"
Minding the Gap,5.0,4.25,0.75,11/15/2019,93,1:33,English,Bing Liu,2018,Documentary,USA,7945,31786,"Keire Johnson,Zack Mulligan,Bing Liu,Nina Bowgren,Mengyue Bolen"
Pride & Prejudice,3.0,4.12,-1.12,11/13/2019,127,2:07,English,Joe Wright,2005,"Drama,Romance",France,53652,276071,"Keira Knightley,Matthew Macfadyen,Brenda Blethyn,Donald Sutherland,Judi Dench,Tom Hollander,Rosamund Pike,Jena Malone,Kelly Reilly,Claudie Blakley,Peter Wight,Penelope Wilton"
The Farewell,4.5,4.05,0.45,11/09/2019,100,1:40,"English,Chinese,Japanese",Lulu Wang,2019,"Drama,Comedy",China,38714,193481,"Awkwafina,Tzi Ma,Diana Lin,Zhao Shuzhen,Jiang Yongbo,Gil Perez-Abraham,Ines Laimins,Jim Liu,X Mayo,Aoi Mizuhara,Han Chen"
Jenny Slate: Stage Fright,3.5,3.69,-0.19,11/07/2019,66,1:06,English,Gillian Robespierre,2019,Comedy,USA,2616,7420,"Jenny Slate,Ron Slate,Nancy Slate,Abby Ciampa,Stacey Slate,Rochelle Slate,Connie Gilson"
The Beguiled,2.0,3.29,-1.29,,93,1:33,"English,French",Sofia Coppola,2017,Drama,USA,13041,79318,"Colin Farrell,Nicole Kidman,Kirsten Dunst,Elle Fanning,Oona Laurence,Angourie Rice,Addison Riecke,Emma Howard,Wayne Pére,Matt Story,Joel Albin,Eric Ian"
Lost in Translation,3.5,3.88,-0.38,09/07/2019,102,1:42,"English,Japanese",Sofia Coppola,2003,"Comedy,Romance,Drama",Japan,37323,369741,"Bill Murray,Scarlett Johansson,Giovanni Ribisi,Anna Faris,Akiko Takeshita,Fumihiro Hayashi,Kazuyoshi Minamimagoe,Kazuko Shibata,Take,Daikon,Catherine Lambert,Akiko Monô,Françoise Dubois,Gregory Pekar,Ikuko Takahashi,Osamu Shigematu,Takashi Fujii,Lisle Wilkerson,Kazuo Yamada,Akira Yamaguchi"
Standard Operating Procedure,3.0,3.58,-0.58,11/03/2019,117,1:57,English,Errol Morris,2008,Documentary,USA,174,1870,"Javal Davis,Ken Davis,Tony Diaz,Tim Dugan,Lynndie England,Jefferey Frost,Megan Ambuhl Graner,Sabrina Harman,Janis Karpinski,Roman Krol,Brent Pack,Jeremy Sivits"
The Exorcist,3.0,4.0,-1.0,10/31/2019,122,2:02,"English,German,French,Latin,Arabic,Greek (modern)",William Friedkin,1973,Horror,USA,24617,250103,"Ellen Burstyn,Linda Blair,Max von Sydow,Lee J. Cobb,Kitty Winn,Jack MacGowran,Jason Miller,William O'Malley,Barton Heyman,Peter Masterson,Rudolf Schündler,Gina Petrushka,Robert Symonds,Arthur Storch,Thomas Bermingham,Vasiliki Maliaros,Titos Vandis"
Parasite,5.0,4.58,0.42,11/01/2019,133,2:13,"Korean,English,German",Bong Joon-ho,2019,"Comedy,Drama,Thriller",South Korea,170987,1283806,"Song Kang-ho,Lee Sun-kyun,Cho Yeo-jeong,Choi Woo-shik,Park So-dam,Lee Jung-eun,Jang Hye-jin,Park Myung-hoon,Jung Ji-so,Jung Hyeon-jun,Park Keun-rok,Jung Yi-seo,Cho Jae-myung,Jeong Ik-han,Kim Gyu-baek,Ahn Seong-bong"
Napoleon Dynamite,3.5,3.62,-0.12,,95,1:35,English,Jared Hess,2004,Comedy,USA,15113,163026,"Jon Heder,Haylie Duff,Aaron Ruell,Jon Gries,Tina Majorino,Efren Ramirez,Shondrella Avery,Diedrich Bader,Sandy Martin,Trevor Snarr,Emily Dunn,Ellen Dubin,Samantha Marsden"
Indiana Jones and the Last Crusade,3.5,4.02,-0.52,,127,2:07,"English,German,Greek (modern)",Steven Spielberg,1989,"Adventure,Action",USA,15293,245812,"Harrison Ford,Sean Connery,Denholm Elliott,Alison Doody,John Rhys-Davies,Julian Glover,River Phoenix,Michael Byrne,Kevork Malikyan,Robert Eddison,Richard Young,Alexei Sayle,Alex Hyde-White,Paul Maxwell,Isla Blair,Vernon Dobtcheff,J. J. Hardy,Bradley Gregg,Jeff O'Haco,Vince Deadrick Sr.,Marc Miles,Ted Grossman"
The Matrix,3.0,4.16,-1.16,10/07/2019,136,2:16,English,Lilly Wachowski,1999,"Science Fiction,Action",USA,72852,714111,"Keanu Reeves,Laurence Fishburne,Carrie-Anne Moss,Hugo Weaving,Joe Pantoliano,Marcus Chong,Anthony Ray Parker,Matt Doran,Gloria Foster,Belinda McClory,Paul Goddard,Robert Taylor,Ada Nicodemou,Julian Arahanga,David Aston"
The Witch,3.0,3.87,-0.87,10/27/2019,92,1:32,English,Robert Eggers,2015,"Drama,Mystery,Horror,Fantasy",Canada,59735,431827,"Anya Taylor-Joy,Ralph Ineson,Kate Dickie,Harvey Scrimshaw,Ellie Grainger,Lucas Dawson,Bathsheba Garnett,Sarah Stephens,Julian Richings,Daniel Malik,Axtun Henry Dube,Athan Conrad Dube,Vivien Moore"
The Great Beauty,4.5,4.0,0.5,10/26/2019,142,2:22,"Italian,Japanese,Spanish,Chinese",Paolo Sorrentino,2013,Drama,Italy,6341,57529,"Toni Servillo,Carlo Verdone,Sabrina Ferilli,Carlo Buccirosso,Iaia Forte,Pamela Villoresi,Galatea Ranzi,Franco Graziosi,Sonia Gessner,Giorgio Pasotti,Massimo Popolizio,Luca Marinelli,Vernon Dobtcheff,Anita Kravos,Roberta Cartocci,Lorenzo Gioielli,Giulia Di Quilio,Monica Piseddu,Anna Della Rosa,Luciano Virgilio,Aldo Ralli,Giusi Merli,Dario Cantarelli,Massimo De Francovich,Giulio Brogi"
Isle of Dogs,4.0,3.9,0.1,10/21/2019,101,1:41,"English,Japanese",Wes Anderson,2018,"Adventure,Comedy,Animation",Germany,38418,328756,"Bryan Cranston,Koyu Rankin,Bob Balaban,Edward Norton,Bill Murray,Jeff Goldblum,Kunichi Nomura,Fisher Stevens,Akira Takayama,Greta Gerwig,Ken Watanabe,Frances McDormand,Nijiro Murakami,Harvey Keitel,Liev Schreiber,Scarlett Johansson,Tilda Swinton,Akira Ito,F. Murray Abraham,Courtney B. Vance"
Bohemian Rhapsody,0.5,3.41,-2.91,10/20/2019,135,2:15,English,Bryan Singer,2018,"Music,History,Drama",UK,45549,535990,"Rami Malek,Gwilym Lee,Ben Hardy,Joseph Mazzello,Lucy Boynton,Aidan Gillen,Allen Leech,Tom Hollander,Mike Myers,Aaron McCusker,Meneka Das,Ace Bhatti,Priya Blackburn,Max Bennett,Dermot Murphy,Dickie Beau,Jack Roth,Neil Fox-Roberts,Jess Radomska,Michelle Duncan,Ross Green,Bruce Mackinnon,Joshua Higgott"
About Time,1.5,3.92,-2.42,10/16/2019,123,2:03,English,Richard Curtis,2013,"Fantasy,Romance,Drama",UK,34264,259430,"Domhnall Gleeson,Rachel McAdams,Bill Nighy,Tom Hollander,Margot Robbie,Lydia Wilson,Lindsay Duncan,Richard Cordery,Joshua McGuire,Will Merrick,Vanessa Kirby,Tom Hughes"
Departures,2.0,3.94,-1.94,10/20/2019,130,2:10,Japanese,Yojiro Takita,2008,Drama,Japan,1332,14335,"Masahiro Motoki,Ryoko Hirosue,Tsutomu Yamazaki,Kazuko Yoshiyuki,Kimiko Yo,Takashi Sasano,Tetta Sugimoto,Tōru Minegishi,Tatsuo Yamada,Yukari Tachibana,Tarô Ishida,Sanae Miyata,Ryosuke Otani"
Over the Garden Wall,4.5,4.59,-0.09,10/20/2019,109,1:49,English,Nate Cash,2014,"Animation,Mystery,Family,Comedy",USA,17183,89230,"Elijah Wood,Collin Dean"
Her,4.5,4.05,0.45,10/19/2019,126,2:06,English,Spike Jonze,2013,"Romance,Science Fiction,Drama",USA,64890,668730,"Joaquin Phoenix,Scarlett Johansson,Amy Adams,Rooney Mara,Olivia Wilde,Chris Pratt,Matt Letscher,Portia Doubleday,Spike Jonze,Bill Hader,Kristen Wiig,Artt Butler,SoKo,Brian Cox,Luka Jones"
Boogie Nights,4.0,4.17,-0.17,10/15/2019,156,2:36,English,Paul Thomas Anderson,1997,Drama,USA,34103,211315,"Mark Wahlberg,Julianne Moore,Burt Reynolds,Don Cheadle,John C. Reilly,Heather Graham,William H. Macy,Luis Guzmán,Philip Seymour Hoffman,Philip Baker Hall,Rico Bueno,Nicole Ari Parker,Samson Barkhordarian,Nina Hartley,Alfred Molina,Brad Braeden,Joanna Gleason,Lawrence Hudd,Michael Stein,Stanley DeSantis,Patricia Forte,Kai Lennox,Laurel Holloman,Jason Andrews,Robert Ridgely,Lil' Cinderella,Greg Lauren,Tom Dorfmeister,Jason ""Jake"" Cross,Ricky Jay,Jack Wallace,Selwyn Emerson Miller,Jamielyn Lippman,Missy Spell Tanner,Raymond Laboriel,Melora Walters,Jon Brion,Brian Kehew"
Edge of Tomorrow,3.5,3.71,-0.21,10/13/2019,113,1:53,English,Doug Liman,2014,"Science Fiction,Action",Australia,18906,264539,"Tom Cruise,Emily Blunt,Brendan Gleeson,Bill Paxton,Jonas Armstrong,Tony Way,Kick Gurry,Franz Drameh,Dragomir Mrsic,Charlotte Riley,Masayoshi Haneda,Terence Maynard,Noah Taylor,Lara Pulver,Madeleine Mantock"
Thelma & Louise,4.0,4.0,0.0,10/05/2019,130,2:10,English,Ridley Scott,1991,"Adventure,Crime,Thriller,Drama",USA,17781,120035,"Geena Davis,Susan Sarandon,Harvey Keitel,Michael Madsen,Christopher McDonald,Brad Pitt,Stephen Tobolowsky,Timothy Carhart,Lucinda Jenney,Jason Beghe,Sonny Carl Davis,Ken Swofford,Shelly Desai,Carol Mansell"
The Godfather,4.5,4.54,-0.04,09/28/2019,175,2:55,"English,Italian,Latin",Francis Ford Coppola,1972,"Crime,Drama",USA,55174,583951,"Marlon Brando,Al Pacino,James Caan,Robert Duvall,Richard S. Castellano,Diane Keaton,Talia Shire,Gianni Russo,Sterling Hayden,Al Lettieri,Abe Vigoda,John Cazale,Richard Conte,John Marley,Rudy Bond,Al Martino,Morgana King,Lenny Montana,John Martino,Alex Rocco,Salvatore Corsitto,Tony Giorgio,Victor Rendina"
Dear Zachary: A Letter to a Son About His Father,4.0,4.26,-0.26,09/21/2019,95,1:35,English,Kurt Kuenne,2008,"Crime,Documentary",USA,7461,36430,"Kurt Kuenne,Andrew Bagby,David Bagby,Kathleen Bagby,Shirley Turner,Zachary Andrew Turner,Heather Arnold,Jon Atkinson,Bob Bagby,Earlene Bagby,James Bagby,Linda Bagby,Pat Bagby,Jason Baldwin,Derek Barnard,John Barnard,Paul Barnard,Pete Barnard"
Taxi Driver,4.0,4.22,-0.22,09/13/2019,114,1:54,"English,Spanish",Martin Scorsese,1976,"Drama,Crime",USA,53775,533813,"Robert De Niro,Jodie Foster,Albert Brooks,Harvey Keitel,Cybill Shepherd,Peter Boyle,Leonard Harris,Diahnne Abbott,Gino Ardito,Martin Scorsese,Murray Moston,Richard Higgs,Bill Minkin,Bob Maroff"
Stranger Than Fiction,3.5,3.52,-0.02,09/13/2019,113,1:53,English,Marc Forster,2006,"Fantasy,Romance,Drama,Comedy",USA,6960,81413,"Will Ferrell,Maggie Gyllenhaal,Dustin Hoffman,Emma Thompson,Queen Latifah,Ricky Adams,Denise Hughes,Christian Stolte,Tony Hale,Peggy Roeder,William Dick,Guy Massey,Martha Espinoza,T.J. Jagodowski,Peter Grosz,Tonray Ho,Danny Rhodes,Linara Washington,Helen Young"
Your Name.,3.0,4.19,-1.19,09/13/2019,106,1:46,Japanese,Makoto Shinkai,2016,"Drama,Animation,Romance",Japan,37192,318955,"Ryûnosuke Kamiki,Mone Kamishiraishi,Ryo Narita,Aoi Yuki,Nobunaga Shimazaki,Kaito Ishikawa,Kanon Tani,Masaki Terasoma,Sayaka Ohara,Kazuhiko Inoue,Chafurin,Yuka Kato,Kana Hanazawa,Shinya Hamazoe,Masami Nagasawa,Etsuko Ichihara,Yuka Terasaki"
Dave Chappelle: Sticks & Stones,3.5,3.64,-0.14,,65,1:05,English,Stan Lathan,2019,Comedy,USA,3208,20426,Dave Chappelle
Shaun of the Dead,4.5,3.99,0.51,09/07/2019,99,1:39,English,Edgar Wright,2004,"Comedy,Horror",France,28470,379545,"Simon Pegg,Nick Frost,Kate Ashfield,Lucy Davis,Dylan Moran,Penelope Wilton,Bill Nighy,Peter Serafinowicz,Jessica Hynes,Rafe Spall,Martin Freeman,Matt Lucas,Reece Shearsmith,Tamsin Greig,Julia Deakin,Steve Emerson,Nicola Cunningham,Arvind Doshi,Stuart Powell,Phyllis MacMahon,Patricia Franklin,Mark Donovan,Chris Martin,Jonny Buckland"
Before Sunrise,5.0,4.32,0.68,09/07/2019,101,1:41,"English,German,French",Richard Linklater,1995,"Romance,Drama",Austria,55858,279354,"Ethan Hawke,Julie Delpy,Andrea Eckert,Hanno Pöschl,Haymon Maria Buttinger,Erni Mangold,Karl Bruckschwaiger,Tex Rubinowitz,Dominik Castell,Harold Waiglein,Bilge Jeschim"
Eighth Grade,5.0,3.85,1.15,09/07/2019,94,1:34,English,Bo Burnham,2018,"Drama,Comedy",USA,47510,248103,"Elsie Fisher,Josh Hamilton,Emily Robinson,Jake Ryan,Daniel Zolghadri,Fred Hechinger,Imani Lewis,Luke Prael,Catherine Oliviere,Nora Mullins,Gerald W. Jones,Missy Yager,Shacha Temirov,Greg Crowe,Thomas J O'Reilly,Frank Deal,J. Tucker Smith,Tiffany Grossfeld"
"O Brother, Where Art Thou?",4.0,3.89,0.11,09/07/2019,107,1:47,English,Joel Coen,2000,"Adventure,Comedy,Crime",France,15119,176185,"George Clooney,John Turturro,Tim Blake Nelson,Chris Thomas King,John Goodman,Holly Hunter,Frank Collison,Charles Durning,Daniel von Bargen,Wayne Duvall,Ray McKinnon,Stephen Root,Del Pentecost,Michael Badalucco"
Rear Window,4.5,4.32,0.18,09/06/2019,112,1:52,English,Alfred Hitchcock,1954,"Thriller,Mystery",USA,27833,260421,"James Stewart,Grace Kelly,Wendell Corey,Thelma Ritter,Raymond Burr,Judith Evelyn,Ross Bagdasarian,Georgine Darcy,Sara Berner,Frank Cady,Jesslyn Fax,Rand Harper,Irene Winston,Havis Davenport,Jerry Antes,Benny Bartlett"
Swiss Army Man,4.5,3.64,0.86,09/05/2019,97,1:37,English,Daniel Scheinert,2016,"Fantasy,Romance,Adventure,Comedy,Drama",Sweden,30454,179445,"Paul Dano,Daniel Radcliffe,Mary Elizabeth Winstead,Antonia Ribero,Timothy Eulich,Richard Gross,Marika Casteel,Andy Hull,Aaron Marshall,Shane Carruth,Jessica Harbeck"
A Ghost Story,5.0,3.75,1.25,08/25/2019,93,1:33,English,David Lowery,2017,"Drama,Fantasy",USA,32153,166243,"Casey Affleck,Rooney Mara,Will Oldham,Liz Cardenas Franke,Sonia Acevedo,Carlos Bermudez,Yasmina Gutierrez,Brea Grant,Augustine Frizzell,David Lowery,Kesha,Rob Zabrecky,Grover Coulson,Kenneisha Thompson,McColm Sephas Jr.,Barlow Jacobs,Chris Gardner,Bryan Pitts"
Requiem for a Dream,5.0,4.07,0.93,08/23/2019,102,1:42,English,Darren Aronofsky,2000,"Crime,Drama",USA,36218,351025,"Ellen Burstyn,Jared Leto,Jennifer Connelly,Marlon Wayans,Christopher McDonald,Keith David,Louise Lasser,Marcia Jean Kurtz,Janet Sarno,Suzanne Shepherd,Joanne Gordon,Charlotte Aronofsky,Mark Margolis,Michael Kaycheck,Peter Maloney,Denise Dowse,Olga Merediz,Ben Shenkman,Dylan Baker,Bill Buell,Lianna Pai,Stanley B. Herman,Gregg Bello,Shaun O'Hagan,Jimmie Ray Weeks,Jack O'Connell,Chas Mastin,Ajay Naidu,Sean Gullette,Samia Shoaib"
"Monsters, Inc.",4.5,4.06,0.44,08/23/2019,92,1:32,English,Pete Docter,2001,"Comedy,Animation,Family",USA,17647,509684,"John Goodman,Billy Crystal,Steve Buscemi,James Coburn,Bob Peterson,John Ratzenberger,Jennifer Tilly,Frank Oz,Daniel Gerson,Bonnie Hunt,Jeff Pidgeon,Jack Angel,Bob Bergen,Rodger Bumpass,Gino Conforti,Jennifer Darling,Patti Deutsch,Pete Docter,Ashley Edner,Paul Eiding,Bill Farmer"
The Disaster Artist,2.0,3.55,-1.55,08/23/2019,104,1:44,English,James Franco,2017,"Comedy,Drama",USA,24982,239851,"James Franco,Dave Franco,Seth Rogen,Alison Brie,Ari Graynor,Jacki Weaver,Josh Hutcherson,Zac Efron,Paul Scheer,June Diane Raphael,Megan Mullally,Jason Mantzoukas,Andrew Santino,Nathan Fielder,Joe Mande,Sharon Stone,John Early,Melanie Griffith,Hannibal Buress,Charlyne Yi,Jessie Ennis,Peter Gilroy,Lauren Ash,Karen Macarah,Sugar Lyn Beard,Bob Odenkirk,Brian Huskey,Megan Ferguson,Randall Park,Steven Liu,Tommy Wiseau,Casey Wilson,Jerrod Carmichael,Xosha Roquemore,Kelly Oxford,Kether Donohue,Jeffrey C. Goodell,Dree Hemingway,Angelyne,Ike Barinholtz,Tom Franco,Zoey Deutch"
Forrest Gump,4.5,4.12,0.38,08/23/2019,142,2:22,English,Robert Zemeckis,1994,"Romance,Comedy,Drama",USA,29141,745101,"Tom Hanks,Robin Wright,Gary Sinise,Mykelti Williamson,Sally Field,Michael Conner Humphreys,Hanna Hall,Haley Joel Osment,Siobhan Fallon Hogan,Afemo Omilami,Peter Dobson,Sonny Shroyer,George Kelly,Sam Anderson,Margo Moorer,Christopher Jones,Kevin Mangan,Brett Rice,Daniel C. Striepeke,David Brisbin,Kirk Ward,Marlena Smalls,Kitty K. Green,Mark Matheisen,Al Harrington,Joe Washington,Jed Gillin,Don Fischer,Matt Wallace,Mike Jolly,Michael Kemmerling"
Saving Mr. Banks,2.0,3.44,-1.44,08/20/2019,125,2:05,English,John Lee Hancock,2013,"Drama,History,Comedy",Australia,5222,70948,"Emma Thompson,Tom Hanks,Colin Farrell,Paul Giamatti,Ruth Wilson,Jason Schwartzman,Bradley Whitford,Annie Rose Buckley,B.J. Novak,Kathy Baker,Lily Bigham,Melanie Paxson,Andy McPhee,Rachel Griffiths"
Popstar: Never Stop Never Stopping,2.5,3.56,-1.06,08/20/2019,86,1:26,English,Akiva Schaffer,2016,"Music,Comedy",USA,21056,100853,"Andy Samberg,Jorma Taccone,Akiva Schaffer,Sarah Silverman,Tim Meadows,Maya Rudolph,Joan Cusack,Imogen Poots,Chris Redd,Edgar Blackmon,James Buckley,Evan Fine,Maxwell Jenkins,Elliott Smith,Questlove,Carrie Underwood,Nas,Usher,50 Cent,Nicholas Azarian,Ringo Starr,Simon Cowell,Adam Levine,Akon,Mariah Carey,Ashley Moore,Danny Strong,Pink,Big Boy,DJ Khaled,A$AP Rocky,Kevin Nealon,Mario López,Patricia Schaffer,James Hegarty,Walker William Borba,Will Arnett,Chelsea Peretti,Mike Birbiglia,Eric André,Emma Stone,Justin Timberlake,Bill Hader,Joanna Newsom,Jonah Goldstein,Andre Hyland,Mike E. Winfield"
In Bruges,3.0,4.0,-1.0,,108,1:48,English,Martin McDonagh,2008,"Crime,Drama,Comedy",UK,17358,191270,"Colin Farrell,Brendan Gleeson,Ralph Fiennes,Clémence Poésy,Thekla Reuten,Jordan Prentice,Elizabeth Berrington,Jérémie Renier,Mark Donovan,Eric Godon,Anna Madeley,Theo Stevenson,Olivier Bonjour,Stephanie Carey"
When Harry Met Sally...,3.5,3.99,-0.49,08/20/2019,96,1:36,English,Rob Reiner,1989,"Comedy,Romance,Drama",USA,36043,189775,"Billy Crystal,Meg Ryan,Carrie Fisher,Bruno Kirby,Steven Ford,Lisa Jane Persky,Michelle Nicastro,Gretchen Palmer,Robert Alan Beuth,David Burdick,Joe Viviani,Harley Jane Kozak,Joseph Hunt,Kevin Rooney,Franc Luz,Tracy Reiner,Kyle T. Heffner,Kimberley LaMarque"
The Truman Show,4.5,4.16,0.34,08/20/2019,103,1:43,"English,Spanish",Peter Weir,1998,"Comedy,Drama",USA,53064,742657,"Jim Carrey,Laura Linney,Noah Emmerich,Natascha McElhone,Ed Harris,Holland Taylor,Paul Giamatti,Brian Delate,Peter Krause,Blair Slater,Heidi Schanz,Una Damon,Krista Lynn Landolfi,O-Lan Jones,Ron Taylor,Don Taylor,Ted Raymond,Harry Shearer,Jeanette Miller,Philip Glass,Joe Minjares,Philip Baker Hall,John Pleshette,Terry Camilleri,Joel McKinnon Miller,Judy Clayton,Fritz Dominique,Angel Schmiedt"
The Cranes Are Flying,5.0,4.31,0.69,08/16/2019,97,1:37,Russian,Mikhail Kalatozov,1957,"Drama,Romance,War",USSR,3518,17372,"Tatyana Samoylova,Aleksey Batalov,Vasili Merkuryev,Aleksandr Shvorin,Svetlana Kharitonova,Konstantin Kadochnikov,Valentin Zubkov,Antonina Bogdanova,Boris Kokovkin,Ekaterina Kupriyanova,Valentina Ananina,Valentina Vladimirova,Olga Dzisko,Leonid Knyazev,Georgiy Kulikov,Daniil Netrebin,Aleksandr Popov"
Chicago,5.0,3.77,1.23,08/16/2019,113,1:53,"English,Hungarian",Rob Marshall,2002,"Drama,Crime,Comedy",Germany,13797,106511,"Renée Zellweger,Catherine Zeta-Jones,Richard Gere,Queen Latifah,John C. Reilly,Lucy Liu,Taye Diggs,Colm Feore,Christine Baranski,Dominic West,Mýa,Deidre Goodwin,Denise Faye,Ekaterina Chtchelkanova,Susan Misner,Cliff Saunders,Jayne Eastwood,Bruce Beaton,Roman Podhora,Robert Norman Smith,Sean Wayne Doyle,Steve Behal,Robbie Rox,Chita Rivera,Joey Pizzi,Scott Wise,Ken Ard,Marc Calamia,Niki Wray,Gregory Mitchell,Sebastian La Cause,Brendan Wall,Cleve Asbury,Rick Negron,Shaun Amyot,Eve Crawford,Bill Corsair,Bill Britt,Gerry Fiorini,Elizabeth Law,Joseph Scoren,Monique Ganderton,April Morgan,Marty Moreau,Conrad Dunn,Jonathan Whittaker,Rod Campbell,Brett Caruso"
Amadeus,4.5,4.21,0.29,,160,2:40,"English,German,Italian,Latin",Miloš Forman,1984,"Drama,Music,History",USA,12517,138160,"F. Murray Abraham,Tom Hulce,Elizabeth Berridge,Roy Dotrice,Simon Callow,Christine Ebersole,Jeffrey Jones,Barbara Bryne,Cynthia Nixon,Douglas Seale,Charles Kay,Kenny Baker,Martin Cavina,Roderick Cook,Milan Demjanenko,Peter DiGesu,Patrick Hines,Nicholas Kepros,Philip Lenkowsky,Lisbeth Bartlett,Richard Frank,Herman Meckler,Jonathan Moore,Brian Pettifer,Vincent Schiavelli,John Strauss"
The 400 Blows,4.0,4.25,-0.25,,99,1:39,"French,English",François Truffaut,1959,Drama,France,13221,101697,"Jean-Pierre Léaud,Claire Maurier,Albert Rémy,Georges Flamant,Patrick Auffay,Robert Beauvais,Yvonne Claudie,Pierre Repp,Guy Decomble,Daniel Couturier,François Nocher,Richard Kanayan,Renaud Fontanarosa,Michel Girard"
Casablanca,4.0,4.24,-0.24,08/16/2019,102,1:42,"English,German,French,Italian",Michael Curtiz,1942,"Romance,Drama",USA,26215,221677,"Humphrey Bogart,Ingrid Bergman,Paul Henreid,Claude Rains,Conrad Veidt,Sydney Greenstreet,Peter Lorre,S.Z. Sakall,Madeleine Lebeau,Dooley Wilson,Joy Page,John Qualen,Leonid Kinskey,Curt Bois,Enrique Acosta,Ed Agresti,Louis V. Arco,Frank Arnold,Leon Belasco,Nino Bellini,Oliver Blake,Monte Blue,Eugene Borden,Dick Botiller,Maurice Brierre,Sebastian Cabot,Anita Camargo,George M. Carleton,Spencer Chan,Melie Chang,Tex Cooper,Gino Corrado,Franco Corsaro,Adrienne D'Ambricourt,Marcel Dalio,Helmut Dantine,Jean De Briac,George Dee,Jean Del Val,Carl Deloro,Joseph DeVillard,Arthur Dulac"
Christian Mingle,0.5,1.18,-0.68,08/16/2019,99,1:39,"English,French",Corbin Bernsen,2014,"Romance,Drama,Comedy",USA,617,1727,"Lacey Chabert,Jonathan Patrick Moore,Stephen Tobolowsky,Saidah Arrika Ekulona,John O'Hurley,Morgan Fairchild,David Keith,Erin Bethea,Tony D. Czech,Jill Saunders,Sascha Alexander,Justin Dray,Jessa French,Jelynn Sophia,Anna Anderson"
Slumdog Millionaire,3.5,3.77,-0.27,,120,2:00,"English,French,Hindi",Danny Boyle,2008,"Drama,Romance",UK,9420,230818,"Dev Patel,Saurabh Shukla,Anil Kapoor,Rajendranath Zutshi,Jeneva Talwar,Freida Pinto,Irrfan Khan,Azharuddin Mohammed Ismail,Ayush Mahesh Khedekar,Jira Banjara,Sheikh Wali,Mahesh Manjrekar,Sanchita Choudhary,Himanshu Tyagi,Sharib Hashmi,Virendra Chatterjee,Feroze Khan,Sunil Kumar Agrawal,Virender Kumar,Devesh Rawal,Rubina Ali,Ankur Vikal,Tiger,Chirag Parmar,Nazneen Shaikh,Farzana Ansari,Anupam Shyam,Salim Chaus,Harvinder Kaur,Narendra Singh Bhati,Tanay Chheda,Ashutosh Lobo Gajiwala,Satya Mudgal,Janet de Vigne,William Relton,David Gilliam"
The Chorus,3.5,3.86,-0.36,08/16/2019,97,1:37,French,Christophe Barratier,2004,Drama,France,1571,27522,"Gérard Jugnot,François Berléand,Kad Merad,Jean-Paul Bonnaire,Marie Bunel,Jean-Baptiste Maunier,Maxence Perrin,Grégory Gatignol,Thomas Blumenthal,Cyril Bernicot,Philippe du Janerand,Carole Weiss,Erick Desmarestz,Didier Flamand,Jacques Perrin"
The Third Man,3.5,4.2,-0.7,08/16/2019,104,1:44,"English,Russian,German",Carol Reed,1949,"Thriller,Mystery",UK,10193,73795,"Joseph Cotten,Alida Valli,Orson Welles,Trevor Howard,Paul Hörbiger,Ernst Deutsch,Erich Ponto,Siegfried Breuer,Hedwig Bleibtreu,Bernard Lee,Wilfrid Hyde-White,Alexis Chesnakov,Thomas Gallagher,Herbert Halbik"
Us,4.5,3.72,0.78,08/16/2019,116,1:56,English,Jordan Peele,2019,"Horror,Mystery,Thriller",USA,70667,597863,"Lupita Nyong'o,Winston Duke,Shahadi Wright Joseph,Evan Alex,Tim Heidecker,Elisabeth Moss,Cali Sheldon,Noelle Sheldon,Yahya Abdul-Mateen II,Anna Diop,Madison Curry,Duke Nicholson,Napiera Groves,Kara Hayward"
Shazam!,2.0,3.31,-1.31,08/16/2019,132,2:12,English,David F. Sandberg,2019,"Comedy,Action,Fantasy",USA,37535,296071,"Zachary Levi,Asher Angel,Mark Strong,Jack Dylan Grazer,Adam Brody,Faithe Herman,Meagan Good,Grace Fulton,Michelle Borth,Ian Chen,Ross Butler,Jovan Armand,D.J. Cotrona,Marta Milans,Cooper Andrews,Djimon Hounsou,Ethan Pugiotto,John Glover,Landon Doak,Paul Braunstein,Nadine Roden,David Kohlsmith,Caroline Palmer,Emily Nixon,Carson MacCormac,Lotta Losten,Andi Osho"
The Theory of Everything,4.5,3.61,0.89,,123,2:03,"English,Latin,French,Italian",James Marsh,2014,"Drama,Romance",UK,10711,243088,"Eddie Redmayne,Felicity Jones,Charlie Cox,Emily Watson,Simon McBurney,David Thewlis,Maxine Peake,Harry Lloyd,Tom Prior,Sophie Perry,Finlay Wright-Stephens,Alice Orr-Ewing,Thomas Morrison,Michael Marcus,Gruffudd Glyn,Paul Longley,Guy Oliver-Watts,Lucy Chappell"
Nights of Cabiria,4.5,4.28,0.22,,110,1:50,Italian,Federico Fellini,1957,Drama,Italy,4976,31303,"Giulietta Masina,François Périer,Franca Marzi,Amedeo Nazzari,Aldo Silvani,Dorian Gray,Ennio Girolami,Mario Passante,Franco Balducci,Ciccio Barbi,Luciano Bonanni,Leo Catozzo,Mimmo Poli,Dominique Delouche"
Once Upon a Time… in Hollywood,4.0,3.79,0.21,08/11/2019,162,2:42,"English,Italian,Spanish",Quentin Tarantino,2019,"Thriller,Comedy,Drama",China,108682,834902,"Leonardo DiCaprio,Brad Pitt,Margot Robbie,Emile Hirsch,Margaret Qualley,Timothy Olyphant,Julia Butters,Austin Butler,Dakota Fanning,Bruce Dern,Mike Moh,Luke Perry,Damian Lewis,Al Pacino,Nicholas Hammond,Samantha Robinson,Rafał Zawierucha,Lorenza Izzo,Costa Ronin,Damon Herriman,Lena Dunham,Madisen Beaty,Mikey Madison,James Landry Hébert,Maya Hawke,Victoria Pedretti,Sydney Sweeney,Harley Quinn Smith,Dallas Jay Hunter,Kansas Bowling,Parker Love Bowling,Cassidy Vick Hice,Ruby Rose Skotchdopole,Danielle Harris,Josephine Valentina Clark,Scoot McNairy,Clifton Collins Jr.,Marco Rodríguez,Ramón Franco,Raúl Cardona"
Se7en,1.0,4.28,-3.28,,127,2:07,English,David Fincher,1995,"Thriller,Crime,Mystery",USA,51545,670849,"Brad Pitt,Morgan Freeman,Gwyneth Paltrow,Kevin Spacey,R. Lee Ermey,John C. McGinley,Julie Araskog,Mark Boone Junior,John Cassini,Reg E. Cathey,Peter Crombie,Richard Roundtree,Richard Schiff,Hawthorne James,Michael Massee,Leland Orser,Richard Portnow,Daniel Zacapa,Alfonso Freeman,Harris Savides"
A Separation,5.0,4.24,0.76,,123,2:03,Persian (Farsi),Asghar Farhadi,2011,Drama,Iran,7279,72746,"Leila Hatami,Payman Maadi,Shahab Hosseini,Sare Bayat,Sarina Farhadi,Babak Karimi,Ali-Asghar Shahbazi,Shirin Yazdanbakhsh,Kimia Hosseini,Merila Zarei,Mohammad Sajadian,Armine Zeytounchian,Bahareh Riahi"
Omar,5.0,3.64,1.36,,96,1:36,"Arabic,Hebrew (modern)",Hany Abu-Assad,2013,"Thriller,Romance,Drama",State of Palestine,560,4592,"Adam Bakri,Waleed Zuaiter,Leem Lubany,Samer Bisharat,Eyad Hourani,Mousa Habiib Allah,Doraid Liddawi,Adi Krayem,Foad Abed-Eihadi,Essam Abu Aabed,Anna Maria Hawa,Ziad Jarjoura,Wafaa Aon,Jehad Abu Assal,May Jabareen"
Mr. Nobody,4.5,3.71,0.79,,141,2:21,English,Jaco Van Dormael,2009,"Science Fiction,Fantasy,Drama,Romance",Belgium,4993,79856,"Jared Leto,Sarah Polley,Diane Kruger,Linh-Dan Pham,Rhys Ifans,Natasha Little,Toby Regbo,Juno Temple,Allan Corduner,Daniel Mays,Clare Stone,Audrey Giacomini,Thomas Byrne,Laura Brumagne,Noa De Costanzo,Léa Thonus,Anaïs Van Belle,Harold Manning,Pascal Duquenne,David Schaal,Laurent Capelluto,Harry Cleven,Andrew Simms,Ben Mansfield,Emily Tilson,Roline Skehan,Anders Morris,Nathan Boydell,Vincent Dupont,Jenna Wheeler-Hughes,Valérie-Marie Chadelaud,Stéphane Thiry,Bruno Verstraete,Alice van Dormael"
Coco,4.5,4.18,0.32,,105,1:45,"English,Spanish",Lee Unkrich,2017,"Fantasy,Family,Adventure,Animation,Music,Comedy",Mexico,49238,648491,"Anthony Gonzalez,Gael García Bernal,Benjamin Bratt,Alanna Ubach,Renée Victor,Jaime Camil,Alfonso Arau,Herbert Siguenza,Lombardo Boyar,Ana Ofelia Murguía,Sofía Espinosa,Dyana Ortelli,Gabriel Iglesias,Selene Luna,Natalia Cordova-Buckley,Edward James Olmos,Carla Medina,Luis Valdez,Blanca Araceli,Polo Rojas,Montse Hernandez,Octavio Solis,Cheech Marin,Salvador Reyes,John Ratzenberger,Antonio Sol,Liliana Barba Meinecke,Emmanuel Bernal,David Berón,Denise Blasor,Wilma Bonet,Alex Castillo,Vicki Davis"
Kill Bill: Vol. 1,4.0,4.14,-0.14,,111,1:51,"English,Japanese,French",Quentin Tarantino,2003,"Action,Crime",USA,45410,668363,"Uma Thurman,Lucy Liu,Vivica A. Fox,Daryl Hannah,David Carradine,Michael Madsen,Julie Dreyfus,Chiaki Kuriyama,Shin'ichi Chiba,Gordon Liu Chia-Hui,Michael Parks,Michael Bowen,Jun Kunimura,Kenji Ohba"
"Three Billboards Outside Ebbing, Missouri",4.0,3.98,0.02,,115,1:55,English,Martin McDonagh,2017,"Drama,Crime",UK,33156,390348,"Frances McDormand,Sam Rockwell,Woody Harrelson,Lucas Hedges,Abbie Cornish,Caleb Landry Jones,Peter Dinklage,John Hawkes,Samara Weaving,Zeljko Ivanek,Clarke Peters,Amanda Warren"
Eternal Sunshine of the Spotless Mind,3.5,4.21,-0.71,,108,1:48,English,Michel Gondry,2004,"Drama,Romance,Science Fiction",USA,62710,659130,"Jim Carrey,Kate Winslet,Kirsten Dunst,Mark Ruffalo,Elijah Wood,Tom Wilkinson,Jane Adams,David Cross,Deirdre O'Connell,Thomas Jay Ryan,Ryan Whitney,Lola Daehler,Debbon Ayer,Gerry Robert Byrne,Brian Price,Josh Flitter,Paulie Litt,Amir Ali Said,Lauren Adler"
The Favourite,4.5,4.02,0.48,,119,1:59,English,Yorgos Lanthimos,2018,"Comedy,Drama,Thriller",Ireland,49908,351260,"Olivia Colman,Emma Stone,Rachel Weisz,Nicholas Hoult,Joe Alwyn,Mark Gatiss,James Smith,Jenny Rainsford,Emma Delves,Faye Daveney,Paul Swaine,Jennifer White,Lilly-Rose Stevens"
Ex Machina,5.0,3.98,1.02,,108,1:48,English,Alex Garland,2015,"Drama,Science Fiction",UK,41841,497011,"Domhnall Gleeson,Alicia Vikander,Oscar Isaac,Sonoya Mizuno,Corey Johnson,Claire Selby,Symara A. Templeman,Gana Bayarsaikhan,Tiffany Pisani,Elina Alminas,Chelsea Li,Dan Pappaspanos"
Inside Out,3.0,3.88,-0.88,,95,1:35,English,Pete Docter,2015,"Adventure,Comedy,Family,Drama,Animation",USA,29829,681347,"Amy Poehler,Phyllis Smith,Bill Hader,Kaitlyn Dias,Richard Kind,Lewis Black,Mindy Kaling,Diane Lane,Kyle MacLachlan,Bobby Moynihan,Paula Poundstone,Paula Pell,Dave Goelz,Frank Oz,Josh Cooley,Flea,John Ratzenberger,Carlos Alazraqui,Peter Sagal,Rashida Jones,Lori Alan,Gregg Berger,Aurora Blue,Veronika Bonell,Lola Cooley,John Cygan"
Guardians of the Galaxy Vol. 2,2.0,3.55,-1.55,,137,2:17,English,James Gunn,2017,"Science Fiction,Action,Adventure",USA,41713,615313,"Chris Pratt,Zoe Saldana,Dave Bautista,Vin Diesel,Bradley Cooper,Kurt Russell,Michael Rooker,Karen Gillan,Pom Klementieff,Sylvester Stallone,Elizabeth Debicki,Chris Sullivan,Sean Gunn,Tommy Flanagan,Laura Haddock,Aaron Schwartz,Hannah Gottesman,Hilty Bowen,Ben Browder,Alexander Klein,Luke Cook,Evan Jones,Joe Fria,Terence Rosemore"
Django Unchained,4.0,4.17,-0.17,,165,2:45,"English,French,German",Quentin Tarantino,2012,"Western,Drama",USA,43119,764500,"Jamie Foxx,Christoph Waltz,Leonardo DiCaprio,Kerry Washington,Samuel L. Jackson,Walton Goggins,Dennis Christopher,James Remar,David Steen,Dana Gourrier,Nichole Galicia,Laura Cayouette,Ato Essandoh,Sammi Rotibi,Clay Donahue Fontenot,Escalante Lundy,Miriam F. Glover,Don Johnson,Franco Nero,James Russo,Tom Wopat,Don Stroud,Amber Tamblyn,Bruce Dern,M.C. Gainey,Cooper Huckabee,Doc Duhame,Jonah Hill,Lee Horsley,Zoë Bell,Michael Bowen,Robert Carradine,Jake Garber,Ted Neeley,James Parks,Tom Savini,Michael Parks,John Jarratt,Quentin Tarantino,Amari Cheatom,Keith Jefferson,Marcus Henderson,Lil Chuuch,Kinetic,Louise Stratten"
The Wolf of Wall Street,4.5,4.01,0.49,,180,3:00,"English,French",Martin Scorsese,2013,"Comedy,Drama,Crime",USA,52901,840638,"Leonardo DiCaprio,Jonah Hill,Margot Robbie,Matthew McConaughey,Kyle Chandler,Rob Reiner,Jon Bernthal,Jean Dujardin,Kenneth Choi,P.J. Byrne,Ethan Suplee,Brian Sacca,Henry Zebrowski,Jon Favreau,Cristin Milioti,Joanna Lumley,Jake Hoffman,Christine Ebersole,Shea Whigham,Aya Cash,Katarina Čas,Bo Dietl,Jon Spinogatti,Rizwan Manji,Stephanie Kurtzuba,J. C. MacKenzie,Ashlie Atkinson,Stephen Kunken,Ted Griffin,Sandra Nelson,Dan Bittner,Spike Jonze,Mackenzie Meehan,Thomas Middleditch,Edward Herrmann,Jordan Belfort,Fran Lebowitz,Robert Clohessy,Welker White,Danny Flaherty,Carla Corvo,Madison McKinley,Aaron Lazar,Steve Routman,Steve Witting,Charley Morgan,Michael Nathanson,Kathleen Fellegara,John Behlmann,Ward Horton,Bret Shuford,J.T. O'Connor,Steven Boyer,Danny A. Abeckaser,Matthew Rauch,Michael Izquierdo"
Moonlight,2.0,4.2,-2.2,,111,1:51,English,Barry Jenkins,2016,Drama,UK,49993,516446,"Trevante Rhodes,André Holland,Janelle Monáe,Ashton Sanders,Jharrel Jerome,Alex Hibbert,Jaden Piner,Naomie Harris,Mahershala Ali,Shariff Earp,Duan Sanderson,Herman 'Caheej' McGloun,Kamal Ani-Bellow,Keomi Givens,Eddie Blanchard,Rudi Goblen"
Call Me by Your Name,4.5,3.97,0.53,,132,2:12,"English,French,Italian",Luca Guadagnino,2017,"Drama,Romance",Brazil,84137,622985,"Timothée Chalamet,Armie Hammer,Michael Stuhlbarg,Amira Casar,Esther Garrel,Victoire Du Bois,Vanda Capriolo,Antonio Rimoldi,Elena Bucci,Marco Sgrosso,André Aciman,Peter Spears"
Deadpool,4.0,3.68,0.32,,108,1:48,English,Tim Miller,2016,"Comedy,Action,Adventure",USA,31191,715581,"Ryan Reynolds,Morena Baccarin,Ed Skrein,T. J. Miller,Gina Carano,Leslie Uggams,Brianna Hildebrand,Karan Soni,Jed Rees,Stefan Kapičić,Randal Reeder,Isaac C. Singleton Jr.,Michael Benyaer,Style Dayne,Kyle Cassie,Taylor Hickson"
Inglourious Basterds,4.5,4.28,0.22,,153,2:33,"English,German,French,Italian",Quentin Tarantino,2009,"Thriller,Drama,Action,War",Germany,53323,820331,"Brad Pitt,Mélanie Laurent,Christoph Waltz,Eli Roth,Michael Fassbender,Diane Kruger,Daniel Brühl,Til Schweiger,Gedeon Burkhard,Jacky Ido,B.J. Novak,Omar Doom,August Diehl,Denis Ménochet,Sylvester Groth,Martin Wuttke,Mike Myers,Julie Dreyfus,Léa Seydoux,Richard Sammel,Alexander Fehling,Rod Taylor,Samm Levine,Paul Rust,Michael Bacall,Arndt Schwering-Sohnrey,Petra Hartung,Volker Michalowski"
Dunkirk,4.5,3.8,0.7,,107,1:47,"English,French,German",Christopher Nolan,2017,"War,Drama,Action",France,50097,624965,"Fionn Whitehead,Tom Hardy,Mark Rylance,Kenneth Branagh,Cillian Murphy,Barry Keoghan,Harry Styles,Aneurin Barnard,Damien Bonnard,Lee Armstrong,James Bloor,Tom Glynn-Carney,Jack Lowden,Luke Thompson,Michel Biel,Constantin Balsan,Billy Howle,Mikey Collins,Callum Blake,Dean Ridge"
Fight Club,4.0,4.27,-0.27,,139,2:19,English,David Fincher,1999,Drama,Germany,79266,949391,"Edward Norton,Brad Pitt,Helena Bonham Carter,Meat Loaf,Jared Leto,Zach Grenier,Holt McCallany,Eion Bailey,Richmond Arquette,David Andrews,Christina Cabot,Tim DeZarn,Ezra Buzzington,Bob Stephenson,David Lee Smith,Carl Ciarfalio,Stuart Blumberg,Mark Fite,Matt Winston,Lauren Sánchez,Thom Gossom Jr.,Markus Redmond,Van Quattro,Michael Girardin,David Jean Thomas,Paul Carafotes,Christopher John Fields,Michael Shamus Wiles,George Maguire,Eugenie Bondurant,Sydney ""Big Dawg"" Colston,Rachel Singer"
Whiplash,5.0,4.37,0.63,,107,1:47,English,Damien Chazelle,2014,"Drama,Music",USA,78435,732607,"Miles Teller,J.K. Simmons,Paul Reiser,Melissa Benoist,Austin Stowell,Chris Mulkey,Nate Lang,Charlie Ian,Jayson Blair,Kavita Patil,Damon Gupton,Suanne Spoke,Max Kasch,Kofi Siriboe,C.J. Vana,Tarik Lowe,Tyler Kimball,Rogelio Douglas Jr."
The Shape of Water,4.5,3.68,0.82,,123,2:03,"English,Russian",Guillermo del Toro,2017,"Drama,Romance,Fantasy",USA,44595,465219,"Sally Hawkins,Doug Jones,Michael Shannon,Richard Jenkins,Octavia Spencer,Michael Stuhlbarg,David Hewlett,Nick Searcy,Stewart Arnott,Nigel Bennett,Lauren Lee Smith,Martin Roach,Allegra Fulton,John Kapelos,Morgan Kelly,Wendy Lyon,Madison Ferguson"
The Grand Budapest Hotel,5.0,4.21,0.79,,100,1:40,"English,French",Wes Anderson,2014,"Comedy,Drama",Germany,71262,765416,"Ralph Fiennes,Tony Revolori,Adrien Brody,Willem Dafoe,Saoirse Ronan,Jeff Goldblum,F. Murray Abraham,Mathieu Amalric,Edward Norton,Jude Law,Bill Murray,Harvey Keitel,Uwe Holoubek,Jason Schwartzman,Léa Seydoux,Tilda Swinton,Tom Wilkinson,Owen Wilson,Florian Lukas,Bob Balaban,Fisher Stevens,Wallace Wolodarsky,Waris Ahluwalia,Larry Pine,Karl Markovics,Volker Michalowski,Daniel Steiner,Hendrik von Bültzingslöwen,Lisa Kreuzer,Rainer Reiners,Sabine Urig,Matthias Matschke,Philipp Sonntag,Hans Martin Stier,Giselda Volodi,Neal Huff,Steffen Scheumann,Milton Welsh,Piet Paes"
Interstellar,3.0,4.2,-1.2,,169,2:49,English,Christopher Nolan,2014,"Science Fiction,Drama,Adventure",UK,69583,885603,"Matthew McConaughey,Anne Hathaway,Jessica Chastain,Ellen Burstyn,John Lithgow,Michael Caine,Casey Affleck,Wes Bentley,Bill Irwin,Mackenzie Foy,Topher Grace,David Gyasi,Timothée Chalamet,Matt Damon"
Guardians of the Galaxy,3.0,3.82,-0.82,,121,2:01,English,James Gunn,2014,"Adventure,Action,Science Fiction",USA,40329,809851,"Chris Pratt,Zoe Saldana,Dave Bautista,Vin Diesel,Bradley Cooper,Lee Pace,Michael Rooker,Karen Gillan,Djimon Hounsou,John C. Reilly,Glenn Close,Benicio del Toro,Laura Haddock,Sean Gunn,Peter Serafinowicz,Christopher Fairbank,Krystian Godlewski,Wyatt Oleff,Gregg Henry,Janis Ahern,Solomon Mousley,Lindsay Morton,Robert Firth,Melia Kreiling,Tom Proctor,Nick Holmes,Max Wrottesley,Stan Lee,Nicole Alexandra Shipley,Sharif Atkins"
Lady Bird,3.0,3.89,-0.89,,94,1:34,English,Greta Gerwig,2017,"Drama,Comedy",USA,103860,818397,"Saoirse Ronan,Laurie Metcalf,Tracy Letts,Beanie Feldstein,Lucas Hedges,Timothée Chalamet,Jordan Rodrigues,Marielle Scott,Odeya Rush,Lois Smith,Stephen McKinley Henderson,John Karna,Jake McDorman,Bayne Gibby,Laura Marano,Marietta DePrima,Daniel Zovatto,Kristen Cloke,Andy Buckley,Paul Keller,Kathryn Newton"
Baby Driver,3.0,3.77,-0.77,,113,1:53,English,Edgar Wright,2017,"Crime,Action",UK,69084,811566,"Ansel Elgort,Kevin Spacey,Lily James,Jon Hamm,Jamie Foxx,Eiza González,Jon Bernthal,Flea,CJ Jones,Sky Ferreira,Lanny Joon,R. Marcos Taylor,Micah Howard,Morgan Brown,Morse Diggs,Lance Palmer,Hudson Meek,Viviana Chavez,Hal Whiteside,Clay Donahue Fontenot,Brigitte Kali Canales,Patrick R. Walker,Ben VanderMey,David Robert Lewis,Big Boi,Killer Mike"
Pulp Fiction,4.5,4.3,0.2,,154,2:34,"English,Spanish,French",Quentin Tarantino,1994,"Crime,Thriller",USA,55681,970031,"John Travolta,Samuel L. Jackson,Uma Thurman,Bruce Willis,Ving Rhames,Harvey Keitel,Eric Stoltz,Tim Roth,Amanda Plummer,Maria de Medeiros,Quentin Tarantino,Christopher Walken,Rosanna Arquette,Peter Greene,Duane Whitaker,Angela Jones,Phil LaMarr,Steve Buscemi,Bronagh Gallagher,Laura Lovelace,Frank Whaley,Burr Steers"
La La Land,4.0,3.94,0.06,,129,2:09,English,Damien Chazelle,2016,"Music,Drama,Romance,Comedy",USA,100029,828197,"Ryan Gosling,Emma Stone,John Legend,Rosemarie DeWitt,J.K. Simmons,Amiée Conn,Terry Walters,Thom Shelton,Cinda Adams,Callie Hernandez,Jessica Rothe,Sonoya Mizuno,Claudine Claudio,Jason Fuchs,D.A. Wallach,Trevor Lissauer,Olivia Hamilton,Anna Chazelle,Marius de Vries,Finn Wittrock,Josh Pence,Nicole Coulon,Damon Gupton,Christopher Michael Stevens,Keith Harris,Kaveh Rastegar,Briana Lee,David Douglas,Miles Anderson,Bobo Chang,Meagen Fay,John Hindman,Valarie Rae Miller,Nicole Wolf,Corrin Evans,Kiff VandenHeuvel,Tom Everett Scott,Hemky Madera,Zoë Hall,Dempsey Pappion,Sandra Rosko,Reshma Gajjar,Candice Coke,Hunter Hamilton,Damian Gomez,Amanda Balen,Dominic Chaiduang,Cindera Che,Chris Moss,Marissa Labog"
Get Out,4.5,4.17,0.33,,104,1:44,English,Jordan Peele,2017,"Thriller,Horror,Mystery",USA,62851,941376,"Daniel Kaluuya,Allison Williams,Catherine Keener,Bradley Whitford,Caleb Landry Jones,Marcus Henderson,Betty Gabriel,Lakeith Stanfield,Stephen Root,Lil Rel Howery,Ashley LeConte Campbell"
Rise,3.5,3.86,-0.36,6/29/2022,117,1:57,French,Cédric Klapisch,2022,"Drama,Comedy",Belgium,607,2853,"Marion Barbeau,Pio Marmaï,Denis Podalydès,François Civil,Muriel Robin,Hofesh Shechter,Souheila Yacoub,Damien Chapelle,Zinedine Soualem,Mehdi Baki,Robinson Cassarino,Florence Clerc,Louis Lancien"
Chungking Express,4.0,4.27,-0.27,9/17/2022,103,1:43,"Cantonese,Chinese,English,Hindi,Japanese,Eastern Punjabi, Eastern Panjabi",Wong Kar-wai,1994,"Romance,Comedy,Drama",Hong Kong,47579,203167,"Takeshi Kaneshiro,Brigitte Lin,Tony Leung Chiu-wai,Faye Wong,Valerie Chow,Piggy Chan,Kwan Lee-na,Wong Chi-Ming,Leung San,Rico Chu,Lynne Langdon,Vickie Eng,Thom Baker"
RRR,4.5,4.17,0.33,9/17/2022,182,3:02,"Telugu,English",S. S. Rajamouli,2022,"Action,Drama",India,30342,66068,"N.T. Rama Rao Jr.,Ram Charan,Alia Bhatt,Ajay Devgn,Ray Stevenson,Alison Doody,Olivia Morris,Samuthirakani,Shriya Saran,Chatrapathi Sekhar,Makrand Deshpande,Rajiv Kanakala,Rahul Ramakrishna,Edward Sonnenblick"
Fire Island,3.5,3.62,-0.12,9/17/2022,105,1:45,English,Andrew Ahn,2022,"Comedy,Romance",USA,15653,37044,"Joel Kim Booster,Bowen Yang,Margaret Cho,Conrad Ricamora,James Scully,Matt Rogers,Tómas Matos,Torian Miller,Nick Adams,Zane Phillips,Michael Graceffa,Aidan Wharton,Peter Smith,Bradley Gibson,Peppermint"
Raising Arizona,4.5,3.83,0.67,9/17/2022,94,1:34,English,Joel Coen,1987,"Comedy,Crime",USA,17377,120264,"Nicolas Cage,Holly Hunter,Trey Wilson,John Goodman,William Forsythe,Sam McMurray,Frances McDormand,Randall 'Tex' Cobb,T.J. Kuhn,Lynne Kitei,Peter Benedek,Charles 'Lew' Smith,Warren Keith,Henry Kendrick,Sidney Dawson,Richard Blake,Troy Nabors,Mary Seibel,John O'Donnal,Keith Jandacek,Warren Forsythe,Ruben Young,Dennis Sullivan"
Marcel the Shell with Shoes On,3.5,4.3,-0.8,9/03/2022,90,1:30,English,Dean Fleischer-Camp,2021,"Comedy,Family,Drama,Animation",USA,25243,48573,"Jenny Slate,Dean Fleischer-Camp,Isabella Rossellini,Thomas Mann,Rosa Salazar,Lesley Stahl,Nathan Fielder,Andy Richter,Sarah Thyre,Jessi Klein,Peter Bonerz"
The Worst Person in the World,4.0,4.14,-0.14,3/12/2022,128,2:08,Norwegian,Joachim Trier,2021,Drama,Denmark,73297,230139,"Renate Reinsve,Anders Danielsen Lie,Herbert Nordrum,Hans Olav Brenner,Vidar Sandem,Maria Grazia Di Meo,Helene Bjørnebye,Lasse Gretland,Karen Røise Kielland,Marianne Krogh,Thea Stabell,Deniz Kaya,Eia Skjønsberg,Nataniel Nordnes"
Eeb Allay Ooo!,4.0,3.61,0.39,,97,1:37,Hindi,Prateek Vats,2019,"Comedy,Drama",India,400,1839,"Shardul Bhardwaj,Mahender Nath,Nutan Sinha,Shashi Bhushan,Naina Sareen,Nitin Goel"
Licorice Pizza,3.0,3.69,-0.69,,133,2:13,"English,Japanese,Portuguese",Paul Thomas Anderson,2021,"Comedy,Drama",Canada,116543,343253,"Alana Haim,Cooper Hoffman,Sean Penn,Tom Waits,Bradley Cooper,Benny Safdie,Skyler Gisondo,Mary Elizabeth Ellis,John Michael Higgins,Christine Ebersole,Harriet Sansom Harris,Joseph Cross,Danielle Haim,Este Haim,Moti Haim,Donna Haim,Maya Rudolph,Ryan Heffington,Nate Mann,Isabelle Kusman,Destry Allyn Spielberg,George DiCaprio,Iyana Halley,Ray Chase,Emma Dumont,Yumi Mizui"
"I Love You, Man",4.0,3.36,0.64,,105,1:45,English,John Hamburg,2009,"Comedy,Romance",USA,7264,65516,"Paul Rudd,Jason Segel,Rashida Jones,Andy Samberg,J.K. Simmons,Jane Curtin,Jon Favreau,Jaime Pressly,Rob Huebel,Thomas Lennon,Sarah Burns,Lou Ferrigno,Greg Levine,Jean Villepique,Kym Whitley,Colleen Crabtree,Mather Zickel,Aziz Ansari,Nick Kroll"
The Conformist,3.5,4.09,-0.59,,108,1:48,"Italian,French,Latin",Bernardo Bertolucci,1970,Drama,France,4186,29193,"Jean-Louis Trintignant,Stefania Sandrelli,Gastone Moschin,Dominique Sanda,Enzo Tarascio,Fosco Giachetti,José Quaglio,Yvonne Sanson,Milly,Antonio Maestri,Alessandro Haber,Luciano Rossi,Massimo Sarchielli,Pierangelo Civera,Giuseppe Addobbati"
I'm Not Scared,2.5,3.56,-1.06,,108,1:48,Italian,Gabriele Salvatores,2003,"Mystery,Crime,Drama,Thriller",Italy,205,3957,"Giuseppe Cristiano,Dino Abbrescia,Aitana Sánchez-Gijón,Diego Abatantuono,Fabio Tetta,Riccardo Zinna,Giulia Matturro,Antonella Stefanucci,Fabio Antonacci,Giorgio Careccia,Mattia Di Pierro,Stefano Biase,Adriana Conserva,Michele Vasca,Susi Sánchez"
Poetic Justice,3.5,3.35,0.15,,109,1:49,English,John Singleton,1993,"Drama,Romance",USA,1626,8870,"Janet Jackson,Tupac Shakur,Regina King,Joe Torry,Tyra Ferrell,Roger Guenveur Smith,Billy Zane,Khandi Alexander,Maya Angelou,Lori Petty,Ché J. Avery,Lloyd Avery II,Kimberly Brooks,Rico Bueno"
Gomorrah,4.0,3.61,0.39,,135,2:15,"Italian,Chinese,French",Matteo Garrone,2008,"Crime,Drama",Belgium,1381,17559,"Toni Servillo,Gianfelice Imparato,Maria Nazionale,Salvatore Cantalupo,Gigio Morra,Marco Macor,Salvatore Abruzzese,Ciro Petrone,Salvatore Ruocco,Carmine Paternoster,Gaetano Altamura,Italo Renda,Simone Sacchettino,Vincenzo Fabricino,Salvatore Striano,Vincenzo Bombolo,Alfonso Santagata,Ronghua Zhang,Giovanni Venosa,Francesco Pirozzi,Antonio Aiello,Vincenzo Caso,Anna Sarnelli,Salvatore Russo,Antonio Spina,Francesco Paesano,Marco Stanchi,Armando Irace,Lucia Cerullo,Leonardo Caforio,Dora Angelone"
A Fistful of Dollars,2.5,3.88,-1.38,,99,1:39,"Italian,Spanish",Sergio Leone,1964,Western,Germany,11762,107388,"Clint Eastwood,Marianne Koch,Gian Maria Volonté,Wolfgang Lukschy,Sieghardt Rupp,Joseph Egger,Antonio Prieto,José Calvo,Margarita Lozano,Daniel Martín,Benito Stefanelli,Mario Brega,Bruno Carotenuto,Aldo Sambrell,Lorenzo Robledo"
Operation Varsity Blues: The College Admissions Scandal,2.0,3.14,-1.14,,100,1:40,English,Chris Smith,2021,"Documentary,Crime,Drama",USA,4007,15849,"Matthew Modine,Roger Rignack,Jillian Peterson,Courtney Rackley,Wallace Langham,Josh Stamberg,Jeff Rector,William-Christopher Stephens,Cullen Arbaugh,Leroy Edwards III,David Starzyk,Kristen O'Meara,Angela Nicholas,Jeremy Sless"
One Way or Another,4.0,3.99,0.01,,125,2:05,Italian,Elio Petri,1976,Drama,Italy,150,1362,"Gian Maria Volonté,Marcello Mastroianni,Mariangela Melato,Ciccio Ingrassia,Franco Citti,Cesare Gelli,Michel Piccoli,Renato Salvatori,Tino Scotti,Adriano Amidei Migliano,Giancarlo Badessi"
Bad Trip,3.5,3.31,0.19,,87,1:27,English,Kitao Sakurai,2021,Comedy,Canada,21773,76057,"Eric André,Lil Rel Howery,Tiffany Haddish,Michaela Conlin,Anthony J. James,Adam Meir,Charles Green,Cory DeMeyers,Rebecca Rose Goodman"
Nope,3.5,3.9,-0.4,8/02/2022,130,2:10,English,Jordan Peele,2022,"Thriller,Mystery,Science Fiction,Horror",Japan,193811,530831,"Daniel Kaluuya,Keke Palmer,Brandon Perea,Steven Yeun,Michael Wincott,Wrenn Schmidt,Barbie Ferreira,Terry Notary,Devon Graye,Donna Mills,Oz Perkins,Eddie Jemison"
The Bob's Burgers Movie,3.0,3.62,-0.62,8/05/2022,102,1:42,English,Loren Bouchard,2022,"Comedy,Adventure,Animation",USA,28282,71292,"H. Jon Benjamin,Kristen Schaal,John Roberts,Dan Mintz,Eugene Mirman,Larry Murphy,Kevin Kline,Zach Galifianakis,David Wain,Gary Cole,John Q. Kubin,Sarah Silverman,Laura Silverman,Jenny Slate,Brian Huskey,Aziz Ansari"
Official Competition,4.0,3.67,0.33,0/15/2022,114,1:54,"Spanish,English",Gastón Duprat,2021,"Drama,Comedy",Argentina,4121,14441,"Penélope Cruz,Antonio Banderas,Oscar Martínez,José Luis Gómez,Manolo Solo,Nagore Aranburu,Irene Escolar,Pilar Castro,Koldo Olabarri,Juan Grandinetti,Jean Dominikowski,Amanda Goldsmith,Mary Ruiz,María Guinea,Isabel García Lorca"
The Hand of God,3.5,3.78,-0.28,0/15/2022,130,2:10,Italian,Paolo Sorrentino,2021,Drama,Italy,18794,85094,"Filippo Scotti,Toni Servillo,Teresa Saponangelo,Luisa Ranieri,Marlon Joubert,Massimiliano Gallo,Betti Pedrazzi,Renato Carpentieri,Enzo De Caro,Sofya Gershevich,Lino Musella,Biagio Manna,Ciro Capano"
On the Count of Three,3.5,3.77,-0.27,0/01/2022,86,1:26,English,Jerrod Carmichael,2021,"Comedy,Drama",USA,9381,24567,"Jerrod Carmichael,Christopher Abbott,Tiffany Haddish,Lavell Crawford,J.B. Smoove,Henry Winkler,Ryan McDonald,Allison Busner,Jamie Mac,Tori Hammond,Jared Abrahamson,Zachary Aiello"
The Inspection,4.0,3.4,0.6,0/21/2022,95,1:35,English,Elegance Bratton,2022,Drama,USA,351,708,"Jeremy Pope,Gabrielle Union,Bokeem Woodbine,Raúl Castillo,McCaul Lombardi,Nicholas Logan,Aaron Dominguez,Eman Esfandi,Aubrey Joseph,Andrew Kai,Tyler Merritt,Steve Mokate,Brad Napp,Daniel Williamson,Wynn Reichert"
Photographic Justice: The Corky Lee Story,4.0,0.0,4.0,1/17/2022,85,1:25,English,Jennifer Takaki,2022,Documentary,,0,0,
Big Fight in Little Chinatown,4.0,0.0,4.0,1/17/2022,88,1:28,"English,Cantonese,French",Karen Cho,2022,Documentary,Canada,0,0,
Cesária Évora,3.0,3.64,-0.64,1/17/2022,94,1:34,"Portuguese,English,French",Ana Sofia Fonseca,2022,Documentary,Portugal,38,127,Cesária Évora
Guillermo del Toro's Pinocchio,4.0,4.08,-0.08,01/04/2023,117,1:57,"English,Italian",Guillermo del Toro,2022,"Fantasy,Animation,Drama",USA,73085,217837,"Gregory Mann,Ewan McGregor,David Bradley,Christoph Waltz,Tilda Swinton,Ron Perlman,Finn Wolfhard,Cate Blanchett,Tim Blake Nelson,John Turturro,Burn Gorman,Tom Kenny,Alfie Tempest,Anthea Greco"
Glass Onion: A Knives Out Mystery,3.0,3.76,-0.76,01/05/2023,139,2:19,"English,Italian",Rian Johnson,2022,"Crime,Comedy,Mystery",USA,218362,616544,"Daniel Craig,Edward Norton,Dave Bautista,Janelle Monáe,Kate Hudson,Kathryn Hahn,Madelyn Cline,Leslie Odom Jr.,Jessica Henwick"
Women Talking,2.5,3.9,-1.4,01/04/2023,104,1:44,English,Sarah Polley,2022,Drama,USA,3181,6399,"Rooney Mara,Claire Foy,Jessie Buckley,Ben Whishaw,Judith Ivey,Sheila McCarthy,Kate Hallett,Michelle McLeod,Liv McNeil,August Winter,Frances McDormand,Shayla Brown,Kira Guloien,Emily Mitchell"
Bad Axe,4.0,3.95,0.05,12/19/2022,100,1:40,English,David Siev,2022,Documentary,USA,245,597,"Michael Meinhold,Chun Siev,Austin Turmell,Skyler Janssen,Jaclyn Siev,Raquel Siev,Rachel Siev"
Love & Stuff,,3.6,,,79,1:19,English,Judith Helfand,2020,Documentary,USA,8,37,Judith Helfand
