Movie,LBRating,MovieLength,LengthInHour,Languages,Director,ReleaseYear,Genre,Country,NumberOfReviews,NumberOfRatings,Actors
Come and See,4.58,142,2:22,"Russian,Belarusian,German",Elem Klimov,1985,"Drama,War",USSR,33261,136903,"Aleksei Kravchenko,Olga Mironova,Liubomiras Laucevicius,Vladas Bagdonas,Jüri Lumiste,Viktors Lorencs,Kazimir Rabetsky,Yevgeni Tilicheyev,G. Velts,V. Vasilyev,Aleksandr Berda,Vasiliy Domrachyov,Nina Evdokimova"
Parasite,4.58,133,2:13,"Korean,English,German",Bong Joon-ho,2019,"Comedy,Drama,Thriller",South Korea,199180,1606256,"Song Kang-ho,Lee Sun-kyun,Cho Yeo-jeong,Choi Woo-shik,Park So-dam,Lee Jung-eun,Jang Hye-jin,Park Myung-hoon,Jung Ji-so,Jung Hyeon-jun,Park Keun-rok,Jung Yi-seo,Cho Jae-myung,Jeong Ik-han,Kim Gyu-baek,Ahn Seong-bong,Yoon Young-woo,Park Jae-wook"
Harakiri,4.55,135,2:15,Japanese,Masaki Kobayashi,1962,"History,Drama,Action",Japan,11079,58826,"Tatsuya Nakadai,Akira Ishihama,Shima Iwashita,Tetsurō Tamba,Masao Mishima,Ichirô Nakatani,Kei Satō,Yoshio Inaba,Hisashi Igawa,Tōru Takeuchi,Yoshirô Aoki,Tatsuo Matsumura,Akiji Kobayashi,Kôichi Hayashi"
A Dog's Will,4.55,104,1:44,Portuguese,Guel Arraes,2000,"Drama,Fantasy,Comedy",Brazil,5020,48331,"Matheus Nachtergaele,Selton Mello,Rogério Cardoso,Denise Fraga,Diogo Vilela,Luís Melo,Virginia Cavendish,Bruno Garcia,Enrique Díaz,Maurício Gonçalves,Aramis Trindade,Marco Nanini,Paulo Goulart,Lima Duarte,Fernanda Montenegro"
The Godfather,4.54,175,2:55,"English,Italian,Latin",Francis Ford Coppola,1972,"Crime,Drama",USA,74968,736351,"Marlon Brando,Al Pacino,James Caan,Robert Duvall,Richard S. Castellano,Diane Keaton,Talia Shire,Gianni Russo,Sterling Hayden,Al Lettieri,Abe Vigoda,John Cazale,Richard Conte,John Marley,Rudy Bond,Al Martino,Morgana King,Lenny Montana,John Martino,Alex Rocco,Salvatore Corsitto,Tony Giorgio,Victor Rendina"
The Godfather: Part II,4.54,202,3:22,"English,Italian,Latin,Spanish",Francis Ford Coppola,1974,"Drama,Crime",USA,34100,407232,"Al Pacino,Robert Duvall,Diane Keaton,Robert De Niro,John Cazale,Talia Shire,Lee Strasberg,Michael V. Gazzo,G. D. Spradlin,Richard Bright,Gastone Moschin,Tom Rosqui,Bruno Kirby,Frank Sivero,Francesca De Sapio,Morgana King,Marianna Hill,Leopoldo Trieste,Dominic Chianese,Amerigo Tot,Troy Donahue,John Aprea,Joe Spinell,Abe Vigoda,Tere Livrano,Gianni Russo,Maria Carta,Oreste Baldini,Giuseppe Sillato,Mario Cotone,James Gounaris,Fay Spain,Harry Dean Stanton,David Baker"
The Human Condition III: A Soldier's Prayer,4.53,190,3:10,"Japanese,Chinese,Russian",Masaki Kobayashi,1961,"War,History,Drama",Japan,1958,10115,"Tatsuya Nakadai,Michiyo Aratama,Tamao Nakamura,Yūsuke Kawazu,Chishū Ryū,Taketoshi Naitô,Kyōko Kishida,Reiko Hitomi,Keijirô Morozumi,Koji Kiyomura,Nobuo Kaneko,Fujio Suga,Tatsuya Ishiguro,Kazuo Kitamura,Toshio Takahara,Akira Yamanouchi"
12 Angry Men,4.52,97,1:37,English,Sidney Lumet,1957,Drama,USA,38665,343494,"Martin Balsam,John Fiedler,Lee J. Cobb,E.G. Marshall,Jack Klugman,Edward Binns,Jack Warden,Henry Fonda,Joseph Sweeney,Ed Begley,George Voskovec,Robert Webber,Rudy Bond,Tom Gorman,James Kelly,Billy Nelson,John Savoca,Walter Stocker,John Gavin"
Seven Samurai,4.51,207,3:27,Japanese,Akira Kurosawa,1954,"Action,Drama",Japan,20437,157092,"Toshirō Mifune,Takashi Shimura,Yoshio Inaba,Seiji Miyaguchi,Minoru Chiaki,Daisuke Katō,Isao Kimura,Keiko Tsushima,Yukiko Shimazaki,Kamatari Fujiwara,Yoshio Kosugi,Bokuzen Hidari,Yoshio Tsuchiya,Kokuten Kōdō,Eijirō Tōno,Jun Tatara,Atsushi Watanabe,Toranosuke Ogawa,Isao Yamagata,Kichijirô Ueda,Sôjin Kamiyama,Gen Shimizu,Keiji Sakakida,Shinpei Takagi,Shin Ôtomo,Toshio Takahara,Hiroshi Sugi,Hiroshi Hayashi,Sachio Sakai,Sôkichi Maki,Ichirô Chiba,Noriko Sengoku,Noriko Honma,Masanobu Ôkubo,Etsuo Saijo,Minoru Itô,Haruya Sakamoto,Gorô Sakurai,Hideo Shibuya,Kiyoshi Kamoda"
The Shawshank Redemption,4.48,142,2:22,English,Frank Darabont,1994,"Drama,Crime",USA,46785,744954,"Tim Robbins,Morgan Freeman,Bob Gunton,William Sadler,Clancy Brown,Gil Bellows,Mark Rolston,James Whitmore,Jeffrey DeMunn,Larry Brandenburg,Neil Giuntoli,Brian Libby,David Proval,Joseph Ragno,Jude Ciccolella,Paul McCrane,Renee Blaine,Scott Mann,John Horton,Gordon Greene,Alfonso Freeman,V.J. Foster,John E. Summers,Frank Medrano"
Spirited Away,4.48,125,2:05,Japanese,Hayao Miyazaki,2001,"Fantasy,Animation,Family",Japan,83094,935216,"Rumi Hiiragi,Miyu Irino,Mari Natsuki,Bunta Sugawara,Akio Nakamura,Yumi Tamai,Ryunosuke Kamiki,Takashi Naito,Yasuko Sawaguchi,Tsunehiko Kamijô,Takehiko Ono,Tatsuya Gashûin,Yo Oizumi,Ken Yasuda,Koba Hayashi,Shigeru Wakita,Shiro Saito,Michiko Yamamoto,Keiko Tsukamoto"
High and Low,4.47,142,2:22,Japanese,Akira Kurosawa,1963,"Crime,Drama,Thriller,Mystery",Japan,11034,52198,"Toshirō Mifune,Tatsuya Nakadai,Kyōko Kagawa,Tatsuya Mihashi,Isao Kimura,Kenjirō Ishiyama,Takeshi Katō,Takashi Shimura,Jun Tazaki,Nobuo Nakamura,Yūnosuke Itō,Tsutomu Yamazaki,Minoru Chiaki,Eijirō Tōno,Masao Shimizu,Yutaka Sada,Masahiko Shimazu,Toshio Egi,Kōji Mitsui"
The Dark Knight,4.45,152,2:32,"English,Chinese",Christopher Nolan,2008,"Action,Thriller,Drama,Crime",UK,85527,1263497,"Christian Bale,Heath Ledger,Michael Caine,Gary Oldman,Aaron Eckhart,Maggie Gyllenhaal,Morgan Freeman,Nestor Carbonell,Monique Gabriela Curnen,Ron Dean,Chin Han,Eric Roberts,Ritchie Coster,Anthony Michael Hall,Keith Szarabajka,Joshua Harto,Melinda McGraw,Nathan Gamble,Michael Jai White,Colin McFarlane,Nydia Rodriguez Terracina,Tom 'Tiny' Lister Jr.,William Fichtner,Cillian Murphy,Patrick Leahy,Matt Skiba,David Dastmalchian,Michael Vieau,Michael Stoyanov,William Smillie,Danny Goldring,Matthew O'Neill,Olumiji Olawumi,Greg Beam,Erik Hellman,Beatrice Rosen,Vincenzo Nicoli,Edison Chen,Andy Luther,James Farruggio,Tom McElroy,Will Zahrn,James Fierro,Sam Derence,Jennifer Knox,Patrick Clear,Sarah Jayne Dunn,Charles Venn,Winston Ellis,Sophia Hinshelwood,Keith Kupferer,Joseph Luis Caballero,Richard Dillane,Daryl Satcher"
Central Station,4.45,110,1:50,Portuguese,Walter Salles,1998,Drama,Brazil,6659,40328,"Fernanda Montenegro,Vinícius de Oliveira,Marília Pêra,Othon Bastos,Otávio Augusto,Matheus Nachtergaele,Caio Junqueira,Stela Freitas,Maria Menezes,Sergio Kato,Soia Lira,Rita Assemany"
Everything Everywhere All at Once,4.44,140,2:20,"English,Cantonese,Chinese",Daniel Scheinert,2022,"Adventure,Action,Science Fiction",USA,318038,917683,"Michelle Yeoh,Ke Huy Quan,Stephanie Hsu,James Hong,Jamie Lee Curtis,Tallie Medel,Jenny Slate,Harry Shum Jr.,Biff Wiff,Anthony Molinari,Peter Banifaz,Audrey Wasilewski,Andy Le,Brian Le,Daniel Scheinert,Sunita Mani"
Spider-Man: Into the Spider-Verse,4.44,117,1:57,"English,Japanese,Spanish",Rodney Rothman,2018,"Action,Adventure,Animation,Science Fiction",USA,140120,1237393,"Shameik Moore,Jake Johnson,Hailee Steinfeld,Mahershala Ali,Brian Tyree Henry,Lily Tomlin,Lauren Vélez,Zoë Kravitz,John Mulaney,Kimiko Glenn,Nicolas Cage,Kathryn Hahn,Liev Schreiber,Chris Pine,Natalie Morales,Edwin H. Bravo,Oscar Isaac,Greta Lee,Stan Lee,Jorma Taccone,Joaquín Cosío,Marvin 'Krondon' Jones III,Kim Yarbrough,Lake Bell,Jessica Mikayla Adams,Gredel Berrios Calladine,Sarah D. Cole,Kelby Joseph,Mimi Davila,Claudia Choi"
A Brighter Summer Day,4.44,237,3:57,"Chinese,English",Edward Yang,1991,"Drama,Romance,Crime",South Korea,8280,33799,"Chang Chen,Lisa Yang,Chang Kuo-Chu,Elaine Jin,Chuan Wang,Han Chang,Chiang Hsiu-Chiung,Stephanie Lai,Wang Chi-tsan,Lawrence Ko,Tan Chih-Kang,Chang Ming-Hsin,Jung Chun-Lung,Hui-Kuo Chou,Chi-Chung Liu,Ching-Hsiang Ho,Chang-Ta Tsai,Tsung-Ming Lee,Hsiao-Tsui Tang,Ming-Ying Chiang,Hung-Ming Lin,Wang Bosen,Hung-Yu Chen,Tien-Hsiang Yang,Hsiao-Wei Liao,Cheng-Ching Lin,Ming-Hsun Lee,Tai-song Chen,Ming-Che Lee,Ming-Che Lee,Yi-Cheng Chung,Chia-Hsien Ho,Kang-Nien Cheng,Hsien-Liang Hsu,Chih-Chien Tang,Chien-Hung Tseng,Yiwen Cao,Martin Liu,Yi-Chun Chang,Yuan Ling,Alex Yang,Ni Shu-Chun,Weiming Wang,Ye-Ming Wang,Chien-Hsiung Cheng"
Yi Yi,4.44,174,2:54,"Chinese,English,Japanese",Edward Yang,2000,"Family,Drama",Taiwan,12846,54182,"Wu Nien-Jen,Issey Ogata,Elaine Jin,Kelly Lee,Jonathan Chang,Hsi-Sheng Chen,Kelly Ko,Tao Chuang Cheng,Shu-shen Hsiao,Adriene Lin,Pang Chang Yu,Ru-Yun Tang,Shu-Yuan Hsu,Hsin-Yi Tseng,Yung-Feng Lee,Shi-hui Chin,Wu Jie,Kuo-Chih Shu,Leon Dai,Mei-Yun Yu,Chi-Tung Yu,Lawrence Ko,Liang-Tso Liu,Li-Hua Chen,Yi-Wen Chen,Shau-Ching Sung,Luo Bei An,Antonio Lee,Danny Deng,Ray Fan,Chien-Hsiung Cheng,Cheng Yuan-Cheng,Ju-Yin Tsai,Jerry Sun,Tzu-chieh Miao"
City of God,4.43,130,2:10,Portuguese,Fernando Meirelles,2002,"Crime,Drama",Brazil,23368,277197,"Alexandre Rodrigues,Leandro Firmino,Phellipe Haagensen,Douglas Silva,Jonathan Haagensen,Matheus Nachtergaele,Seu Jorge,Jefechander Suplino,Alice Braga,Roberta Rodrigues,Luis Otávio,Darlan Cunha"
GoodFellas,4.43,145,2:25,"English,Italian",Martin Scorsese,1990,"Drama,Crime",USA,64512,616209,"Ray Liotta,Robert De Niro,Joe Pesci,Lorraine Bracco,Paul Sorvino,Frank Sivero,Tony Darrow,Mike Starr,Frank Vincent,Chuck Low,Frank DiLeo,Henny Youngman,Gina Mastrogiacomo,Catherine Scorsese,Charles Scorsese,Suzanne Shepherd,Debi Mazar,Margo Winkler,Welker White,Jerry Vale,Julie Garfield,Christopher Serrone,Elaine Kagan,Beau Starr,Kevin Corrigan,Michael Imperioli,Robbie Vinton,Johnny Williams,Daniel P. Conte,Tony Conforti,Frank Pellegrino,Ronald Maccone,Tony Sirico,Joseph D'Onofrio,Steve Forleo,Richard Dioguardi,Frank Adonis,John Manca,Joseph Bono,Katherine Wallach,Mark Evan Jacobs,Angela Pietropinto,Marianne Leone Cooper,Marie Michaels,LoNardo,Melissa Prophet,Illeana Douglas,Susan Varon,Elizabeth Whitcraft,Clem Caserta,Samuel L. Jackson,Fran McGee,Paul Herman,Edward McDonald,Edward Hayes"
Schindler's List,4.43,195,3:15,"English,German,Polish,Hebrew (modern)",Steven Spielberg,1993,"War,Drama,History",USA,20748,416560,"Liam Neeson,Ben Kingsley,Ralph Fiennes,Caroline Goodall,Jonathan Sagall,Embeth Davidtz,Malgorzata Gebel,Mark Ivanir,Béatrice Macola,Andrzej Seweryn,Friedrich von Thun,Jerzy Nowak,Norbert Weisser,Anna Mucha,Adi Nitzan,Piotr Polk,Rami Heuberger,Ezra Dagan,Elina Löwensohn,Hans-Jörg Assmann,Hans-Michael Rehberg,August Schmölzer,Daniel Del-Ponte,Ludger Pistor,Oliwia Dabrowska,Shmuel Levy,Krzysztof Luft,Harry Nehring,Michael Schneider,Miri Fabian,Albert Misak,Aldona Grochal,Jacek Wójcicki,Beata Paluch,Uri Avrahami,Magdalena Komornicka,Michael Gordon,Beata Deskur,Leopold Kozlowski,Magdalena Dandourian,Shabtai Konorti,Henryk Bista,Tadeusz Bradecki,Wojciech Klata,Ewa Kolasińska,Bettina Kupfer,Grzegorz Kwas,Vili Matula,Stanislaw Koczanowicz,Geno Lechner,Beata Rybotycka,Branko Lustig,Artus-Maria Matthiessen,Eugeniusz Priwieziencew,Michael Z. Hoffmann,Erwin Leder"
The Human Condition I: No Greater Love,4.43,206,3:26,"Japanese,Chinese",Masaki Kobayashi,1959,"Drama,War,History",Japan,2537,13491,"Tatsuya Nakadai,Michiyo Aratama,Chikage Awashima,Ineko Arima,Sō Yamamura,Akira Ishihama,Kôji Nanbara,Seiji Miyaguchi,Tōru Abe,Masao Mishima,Eitarō Ozawa,Kōji Mitsui,Akitake Kôno,Nobuo Nakamura,Kyū Sazanka,Eijirō Tōno,Shinsuke Ashida,Keiji Sada"
Neon Genesis Evangelion: The End of Evangelion,4.43,87,1:27,Japanese,Hideaki Anno,1997,"Animation,Science Fiction,Drama,Action",Japan,30520,153987,"Megumi Ogata,Megumi Hayashibara,Kotono Mitsuishi,Yuko Miyamura,Fumihiko Tachiki,Miki Nagasawa,Takehito Koyasu,Hiro Yuuki,Yuriko Yamaguchi,Motomu Kiyokawa,Akira Ishida,Mugihito"
The Lord of the Rings: The Return of the King,4.42,201,3:21,English,Peter Jackson,2003,"Fantasy,Adventure,Action",New Zealand,48729,637163,"Elijah Wood,Ian McKellen,Liv Tyler,Viggo Mortensen,Sean Astin,Cate Blanchett,John Rhys-Davies,Bernard Hill,Christopher Lee,Billy Boyd,Dominic Monaghan,Orlando Bloom,Hugo Weaving,Miranda Otto,David Wenham,Brad Dourif,Karl Urban,John Noble,Andy Serkis,Ian Holm,Sean Bean,Lawrence Makoare,Marton Csokas,Paul Norell,Alan Howard,Noel Appleby,Ali Astin,David Aston,John Bach,Sadwyn Brophy,Alistair Browning"
Portrait of a Lady on Fire,4.42,120,2:00,"French,Italian",Céline Sciamma,2019,"Drama,Romance",France,99555,411135,"Noémie Merlant,Adèle Haenel,Luàna Bajrami,Valeria Golino,Christel Baras,Armande Boulanger,Guy Delamarche,Clément Bouyssou,Michèle Clément,Cécile Morel"
Ikiru,4.41,143,2:23,Japanese,Akira Kurosawa,1952,Drama,Japan,10936,61025,"Takashi Shimura,Haruo Tanaka,Nobuo Kaneko,Bokuzen Hidari,Miki Odagiri,Shinichi Himori,Minoru Chiaki,Minosuke Yamada,Kamatari Fujiwara,Makoto Kobori,Nobuo Nakamura,Atsushi Watanabe,Isao Kimura,Masao Shimizu,Yūnosuke Itō,Yoshie Minami,Kumeko Urabe,Eiko Miyoshi,Noriko Honma,Yatsuko Tan'ami,Kin Sugai,Kyôko Seki,Kusuo Abe,Tomo'o Nagai,Seiji Miyaguchi"
"The Good, the Bad and the Ugly",4.4,161,2:41,Italian,Sergio Leone,1966,Western,USA,21775,226545,"Clint Eastwood,Eli Wallach,Lee Van Cleef,Aldo Giuffrè,Luigi Pistilli,Rada Rassimov,Enzo Petito,Claudio Scarchilli,Antonio Casale,Livio Lorenzon,Sandro Scarchilli,Benito Stefanelli,Angelo Novi,Antonio Casas,Aldo Sambrell,Al Mulock,Sergio Mendizábal,Antonio Molino Rojo,Lorenzo Robledo"
Whiplash,4.4,107,1:47,English,Damien Chazelle,2014,"Drama,Music",USA,140179,1044454,"Miles Teller,J.K. Simmons,Paul Reiser,Melissa Benoist,Austin Stowell,Chris Mulkey,Nate Lang,Charlie Ian,Jayson Blair,Kavita Patil,Damon Gupton,Suanne Spoke,Max Kasch,Kofi Siriboe,C.J. Vana,Tarik Lowe,Tyler Kimball,Rogelio Douglas Jr."
La Haine,4.4,98,1:38,French,Mathieu Kassovitz,1995,Drama,France,33459,203970,"Vincent Cassel,Hubert Koundé,Saïd Taghmaoui,Abdel Ahmed Ghili,Souleymane Dicko,Joseph Momo,Héloïse Rauth,Rywka Wajsbrot,Olga Abrego,Laurent Labasse,Choukri Gabteni,Nabil Ben Mhamed,Benoît Magimel,Médard Niang,Arash Mansour,Abdel-Moulah Boujdouni,Mathilde Vitry,Christian Moro,Édouard Montoute,JiBi,Félicité Wouassi"
The Empire Strikes Back,4.39,124,2:04,English,Irvin Kershner,1980,"Science Fiction,Adventure,Action",USA,53524,726955,"Mark Hamill,Harrison Ford,Carrie Fisher,Billy Dee Williams,Anthony Daniels,David Prowse,Peter Mayhew,Kenny Baker,Frank Oz,Alec Guinness,Jeremy Bulloch,Jason Wingreen,John Hollis,Jack Purvis,Des Webb,Kathryn Mullen,Marjorie Eaton,Clive Revill,Kenneth Colley,Julian Glover,Michael Sheard,Michael Culver,John Dicks,Milton Johns,Mark Jones,Oliver Maguire,Robin Scobey,Bruce Boa,Christopher Malcolm,Denis Lawson"
There Will Be Blood,4.38,158,2:38,English,Paul Thomas Anderson,2007,Drama,USA,58287,433950,"Daniel Day-Lewis,Paul Dano,Kevin J. O'Connor,Ciarán Hinds,Dillon Freasier,Hope Elizabeth Reeves,Colleen Foy,Barry Del Sherman,David Willis,Hans Howes,Sydney McCallister,Paul F. Tompkins,Kevin Breznahan,Jim Meskimen"
Stalker,4.38,162,2:42,Russian,Andrei Tarkovsky,1979,"Science Fiction,Drama",USSR,25744,140669,"Aleksandr Kaydanovskiy,Anatoliy Solonitsyn,Nikolay Grinko,Alisa Freyndlikh,Natasha Abramova,Faime Jurno,Evgeniy Kostin,Raymo Rendi"
Perfect Blue,4.38,81,1:21,Japanese,Satoshi Kon,1997,"Animation,Thriller",Japan,55213,289428,"Junko Iwao,Rica Matsumoto,Shinpachi Tsuji,Masaaki Ôkura,Yousuke Akimoto,Yoku Shioya,Hideyuki Hori,Emi Shinohara,Masashi Ebara,Kiyoyuki Yanada,Tōru Furusawa"
Grave of the Fireflies,4.38,89,1:29,Japanese,Isao Takahata,1988,"Drama,Animation,War",Japan,29688,234485,"Tsutomu Tatsumi,Ayano Shiraishi,Yoshiko Shinohara,Kozo Hashida,Masayo Sakai,Masayo Sakai,Yoshio Matsuoka,Masahiro Kanetake,Kiyoshi Yanagawa,Hajime Maki,Atsuo Omotem,Teruhisa Harita,Hiroshi Tanaka,Michio Denpo,Shiro Tamaki,Mika Sekita,Akemi Yamaguchi"
The Handmaiden,4.37,145,2:25,"Korean,Japanese",Park Chan-wook,2016,"Romance,Thriller,Drama",South Korea,55171,287417,"Kim Min-hee,Kim Tae-ri,Ha Jung-woo,Cho Jin-woong,Kim Hae-sook,Moon So-ri,Lee Yong-nyeo,Kwak Eun-jin,Lee Dong-hwi,Jo Eun-hyung,Rina Takagi,Han Ha-na,Lee Kyu-jung"
Ran,4.37,160,2:40,Japanese,Akira Kurosawa,1985,"Drama,History,Action",Japan,11634,76282,"Tatsuya Nakadai,Akira Terao,Jinpachi Nezu,Daisuke Ryû,Mieko Harada,Yoshiko Miyazaki,Mansai Nomura,Hisashi Igawa,Shinnosuke Ikehata,Masayuki Yui,Kazuo Katô,Norio Matsui"
In the Mood for Love,4.37,99,1:39,"Cantonese,French,Spanish",Wong Kar-wai,2000,"Drama,Romance",France,59155,271468,"Tony Leung Chiu-wai,Maggie Cheung,Rebecca Pan,Kelly Lai Chen,Siu Ping-lam,Mama Hung,Joe Cheung Tung-cho,Kam-Wah Koo,Chan Man-Lei,Paulyn Sun,Roy Cheung,Julien Carbon,Laurent Courtiaud,Charles de Gaulle"
Persona,4.36,83,1:23,Swedish,Ingmar Bergman,1966,Drama,Sweden,30532,159259,"Bibi Andersson,Liv Ullmann,Margaretha Krook,Gunnar Björnstrand,Jörgen Lindström"
Cinema Paradiso,4.36,124,2:04,Italian,Giuseppe Tornatore,1988,"Drama,Romance",France,18945,139885,"Philippe Noiret,Jacques Perrin,Marco Leonardi,Salvatore Cascio,Agnese Nano,Antonella Attili,Enzo Cannavale,Isa Danieli,Leo Gullotta,Pupella Maggio,Leopoldo Trieste,Tano Cimarosa"
Sunset Boulevard,4.36,110,1:50,English,Billy Wilder,1950,Drama,USA,20693,137906,"William Holden,Gloria Swanson,Erich von Stroheim,Nancy Olson,Fred Clark,Lloyd Gough,Jack Webb,Franklyn Farnum,Larry J. Blake,Charles Dayton,Cecil B. DeMille,Hedda Hopper,Buster Keaton,Anna Q. Nilsson,H.B. Warner,Ray Evans,Jay Livingston,Fred Aldrich,Joel Allen,Gertrude Astor,Anne Bauchens,Edward Biby,Danny Borzage,Ken Christy,Ruth Clifford,John Cortay,Archie R. Dalzell,Eddie Dew"
Apocalypse Now,4.36,147,2:27,"English,Khmer,French,Vietnamese",Francis Ford Coppola,1979,"War,Drama",USA,36802,338502,"Marlon Brando,Robert Duvall,Martin Sheen,Frederic Forrest,Laurence Fishburne,Albert Hall,Sam Bottoms,Dennis Hopper,G. D. Spradlin,Harrison Ford,Jerry Ziesmer,Scott Glenn,James Keane,Kerry Rossall,Tom Mason"
The Passion of Joan of Arc,4.36,82,1:22,No spoken language,Carl Theodor Dreyer,1928,"History,Drama",France,11562,55722,"Maria Falconetti,Eugène Silvain,André Berley,Maurice Schutz,Antonin Artaud,Michel Simon,Jean d'Yd,Louis Ravet,Armand Lurville,Jacques Arnna,Alexandre Mihalesco,Léon Larive,Jean Aymé,Gilbert Dacheux"
Woman in the Dunes,4.36,147,2:27,Japanese,Hiroshi Teshigahara,1964,"Drama,Thriller",Japan,5198,28093,"Eiji Okada,Kyōko Kishida,Hiroko Itō,Kōji Mitsui,Sen Yano,Ginzô Sekiguchi"
Andrei Rublev,4.35,183,3:03,"Russian,Tatar,Italian",Andrei Tarkovsky,1966,"History,Drama",USSR,6813,42151,"Anatoliy Solonitsyn,Ivan Lapikov,Nikolay Grinko,Nikolai Sergeyev,Irma Raush,Nikolay Burlyaev,Yuriy Nazarov,Yuriy Nikulin,Rolan Bykov,Nikolay Grabbe,Mikhail Kononov,Stepan Krylov,Bolot Beyshenaliev,B. Matysik,Anatoliy Obukhov,Volodya Titov,Nikolay Glazkov,K. Aleksandrov"
The Human Condition II: Road to Eternity,4.35,178,2:58,"Japanese,Chinese,Russian",Masaki Kobayashi,1959,"War,History,Drama",Japan,1723,10297,"Tatsuya Nakadai,Michiyo Aratama,Kokinji Katsura,Jun Tatara,Michirô Minami,Kei Satō,Kunie Tanaka,Ryôhei Uchida,Kan Yanagiya,Kenjiro Uemura,Kaneko Iwasaki,Mayumi Kurata,Taketoshi Naitô,Hideo Kidokoro"
Tokyo Story,4.35,137,2:17,"Japanese,English",Yasujirō Ozu,1953,Drama,Japan,10410,62322,"Chishū Ryū,Chieko Higashiyama,Setsuko Hara,Haruko Sugimura,Sō Yamamura,Kuniko Miyake,Kyōko Kagawa,Eijirō Tōno,Nobuo Nakamura,Shirō Ōsaka,Hisao Toake,Teruko Nagaoka,Mutsuko Sakura,Toyo Takahashi,Tōru Abe,Sachiko Mitani"
Autumn Sonata,4.34,93,1:33,"Swedish,English",Ingmar Bergman,1978,Drama,Germany,10333,47582,"Ingrid Bergman,Liv Ullmann,Lena Nyman,Halvar Björk,Marianne Aminoff,Arne Bang-Hansen,Gunnar Björnstrand,Erland Josephson,Linn Ullmann,Georg Løkkeberg,Mimi Pollak,Eva von Hanno,Knut Wigert"
Paths of Glory,4.34,88,1:28,"English,German,Latin",Stanley Kubrick,1957,"Drama,War",USA,16262,116239,"Kirk Douglas,Ralph Meeker,Adolphe Menjou,George Macready,Wayne Morris,Richard Anderson,Joe Turkel,Christiane Kubrick,Jerry Hausner,Peter Capell,Emile Meyer,Bert Freed,Kem Dibbs,Timothy Carey,Fred Bell,John Stein,Harold Benedict,Paul Bös,James B. Harris"
"Paris, Texas",4.33,145,2:25,"English,Spanish",Wim Wenders,1984,Drama,France,30255,158071,"Harry Dean Stanton,Nastassja Kinski,Dean Stockwell,Hunter Carson,Aurore Clément,Bernhard Wicki,John Lurie,Jeni Vici,Sally Norvell,Socorro Valdez,Claresie Mobley,Viva,Tom Farrell,Sam Berry,Edward Fayton,Justin Hogg,Sharon Menzel,The Mydolls,Brandy Tipton"
Princess Mononoke,4.33,134,2:14,Japanese,Hayao Miyazaki,1997,"Fantasy,Adventure,Animation",Japan,44231,410750,"Youji Matsuda,Yuriko Ishida,Yūko Tanaka,Kaoru Kobayashi,Masahiko Nishimura,Tsunehiko Kamijô,Sumi Shimamoto,Tetsu Watanabe,Makoto Satō,Akira Nagoya,Akihiro Miwa,Mitsuko Mori,Hisaya Morishige,Kei Iinuma"
Mishima: A Life in Four Chapters,4.33,121,2:01,"English,Japanese",Paul Schrader,1985,Drama,Japan,10586,38093,"Ken Ogata,Go Riju,Masayuki Shionoya,Hiroshi Mikami,Junkichi Orimoto,Masato Aizawa,Junya Fukuda,Shigeto Tachihara,Yuki Nagahara,Kyuzo Kobayashi,Yuki Kitazume,Haruko Katô,Yasosuke Bando,Hisako Manda,Naomi Oki,Miki Takakura,Imari Tsujikoichi Sato,Koichi Sato,Kenji Sawada,Reisen Ri,Setsuko Karasuma,Tadanori Yokoo"
Satantango,4.33,432,7:12,Hungarian,Béla Tarr,1994,Drama,Germany,4967,18002,"Mihály Víg,Putyi Horváth,Miklós Székely B.,Erika Bók,László feLugossy,Alfréd Járai,János Derzsi,Irén Szajki,Éva Almássy Albert,Erzsébet Gaál,Peter Berling,György Barkó,Zoltán Kamondi,Barna Mihók,Péter Dobai"
Do the Right Thing,4.33,120,2:00,"English,Italian,Korean,Spanish",Spike Lee,1989,Drama,USA,31251,190159,"Danny Aiello,Ossie Davis,Ruby Dee,Richard Edson,Giancarlo Esposito,Rosie Perez,Martin Lawrence,Spike Lee,Bill Nunn,John Turturro,John Savage,Roger Guenveur Smith,Joie Lee,Steve White,Leonard L. Thomas,Christa Rivers,Robin Harris"
Before Sunrise,4.33,101,1:41,"English,German,French",Richard Linklater,1995,"Romance,Drama",Austria,78654,363236,"Ethan Hawke,Julie Delpy,Andrea Eckert,Hanno Pöschl,Haymon Maria Buttinger,Erni Mangold,Karl Bruckschwaiger,Tex Rubinowitz,Dominik Castell,Harold Waiglein,Bilge Jeschim"
The Lord of the Rings: The Fellowship of the Ring,4.33,179,2:59,English,Peter Jackson,2001,"Action,Fantasy,Adventure",New Zealand,69300,791993,"Elijah Wood,Ian McKellen,Viggo Mortensen,Sean Astin,Billy Boyd,Dominic Monaghan,John Rhys-Davies,Orlando Bloom,Sean Bean,Ian Holm,Liv Tyler,Hugo Weaving,Christopher Lee,Cate Blanchett,Andy Serkis,Marton Csokas,Craig Parker,Lawrence Makoare,Alan Howard,Noel Appleby,Sala Baker,Megan Edwards,Michael Elsworth,Mark Ferguson,Brent McIntyre,Peter McKenzie,Sarah McLeod,Ian Mune,Cameron Rhodes,Martyn Sanderson,Harry Sinclair,David Weatherley,Victoria Beynon-Cole,Lee Hartley,Sam La Hood,Chris Streeter,Jonathan Jordan,Semi Kuresa,Clinton Ulyatt,Paul Bryson,Lance Fabian Kemp,Jono Manks,Ben Price,Phil Grieve,Billy Jackson,Katie Jackson,Gino Acevedo"
Apur Sansar,4.33,105,1:45," Bangla,Bengali, Bangla,English",Satyajit Ray,1959,"Drama,Romance",India,2324,13521,"Soumitra Chatterjee,Sharmila Tagore,Alok Chakravarty,Swapan Mukherjee,Dhiresh Majumdar,Sefalika Devi,Dhiren Ghosh,Shanti Bhattacherjee,Abhijit Chatterjee,Belarani Devi,Jogesh Chatterjee,Tushar Bandyopadhyay,Gupi Banerjee,Panchanan Bhattacharya,Jiten Bhons,Asha Devi,Bechu Singha"
The Lord of the Rings: The Two Towers,4.33,179,2:59,English,Peter Jackson,2002,"Fantasy,Adventure,Action",New Zealand,47288,619172,"Elijah Wood,Ian McKellen,Liv Tyler,Viggo Mortensen,Andy Serkis,Sean Astin,Cate Blanchett,John Rhys-Davies,Bernard Hill,Christopher Lee,Billy Boyd,Dominic Monaghan,Orlando Bloom,Hugo Weaving,Miranda Otto,David Wenham,Brad Dourif,Karl Urban,John Noble,Sean Bean,Craig Parker,Bruce Allpress,John Bach,Sala Baker,Jed Brophy,Sam Comery,Calum Gittins,Phil Grieve,Bruce Hopkins,Paris Howe Strewe,Nathaniel Lees,John Leigh,Robbie Magasiva,Robyn Malcolm,Bruce Phillips,Robert Pollock,Olivia Tennet,Raymond Trickitt,Stephen Ure,Timothy Lee,Phillip Spencer-Harris,Victoria Beynon-Cole,Lee Hartley,Billy Jackson"
The Thing,4.32,109,1:49,"English,Norwegian",John Carpenter,1982,"Science Fiction,Horror,Mystery",Canada,67012,390043,"Kurt Russell,Keith David,Wilford Brimley,T.K. Carter,David Clennon,Richard Dysart,Charles Hallahan,Peter Maloney,Richard Masur,Donald Moffat,Joel Polis,Thomas G. Waites,Norbert Weisser,Larry J. Franco,Nate Irwin,William Zeman,Adrienne Barbeau,John Carpenter,Jed"
The Apartment,4.32,125,2:05,English,Billy Wilder,1960,"Comedy,Romance,Drama",USA,20767,114310,"Jack Lemmon,Shirley MacLaine,Fred MacMurray,Ray Walston,Jack Kruschen,David Lewis,Hope Holiday,Joan Shawlee,Naomi Stevens,Johnny Seven,Joyce Jameson,Willard Waterman,David White,Edie Adams,Dorothy Abbott"
Eternity and a Day,4.32,133,2:13,"Greek (modern),English,Italian",Theo Angelopoulos,1998,Drama,France,2749,18308,"Bruno Ganz,Fabrizio Bentivoglio,Isabelle Renauld,Achileas Skevis,Alexandra Ladikou,Despina Bebedelli,Eleni Gerasimidou,Iris Chatziantoniou,Nikos Kouros,Alekos Oudinotis,Vasilis Kolovos,Mihalis Giannatos,Petros Fyssoun,Pemi Zouni,Lazaros Andreou,Leonidas Vardaros,Vassilia Kavouka"
Howl's Moving Castle,4.32,119,1:59,Japanese,Hayao Miyazaki,2004,"Adventure,Animation,Fantasy",Japan,68111,527665,"Chieko Baisho,Takuya Kimura,Akihiro Miwa,Tatsuya Gashûin,Ryunosuke Kamiki,Haruko Katô,Yayoi Kazuki,Mayuno Yasokawa,Yo Oizumi,Rio Kanno,Akio Otsuka,Daijirô Harada"
Oldboy,4.32,120,2:00,Korean,Park Chan-wook,2003,"Drama,Action,Mystery,Thriller",South Korea,41920,369663,"Choi Min-sik,Yoo Ji-tae,Kang Hye-jung,Kim Byeong-ok,Ji Dae-han,Oh Dal-su,Seung-shin Lee,Yoon Jin-seo,Oh Tae-kyung,Yoo Yeon-seok,Yoo Il-han,Oh Gwang-rok,Park Myung-shin,Lee Dae-yeon,Kim Su-hyun"
Rear Window,4.32,112,1:52,English,Alfred Hitchcock,1954,"Thriller,Mystery",USA,33822,304946,"James Stewart,Grace Kelly,Thelma Ritter,Wendell Corey,Raymond Burr,Judith Evelyn,Ross Bagdasarian,Georgine Darcy,Irene Winston,Sara Berner,Frank Cady,Jesslyn Fax,Rand Harper,Havis Davenport,Jerry Antes,Benny Bartlett"
Le Trou,4.32,132,2:12,French,Jacques Becker,1960,"History,Thriller,Drama,Crime",France,2388,16302,"Michel Constantin,Jean Keraudy,Philippe Leroy,Raymond Meunier,Marc Michel,Jean-Paul Coquelin,André Bervil,Eddy Rasimi,Philippe Dumat,Albert Augier,Jean Becker,Raymond Bour,Lucien Camiret"
Fanny and Alexander,4.31,188,3:08,"Swedish,English,German,Yiddish",Ingmar Bergman,1982,"Fantasy,Mystery,Drama",Sweden,4992,34462,"Bertil Guve,Pernilla Allwin,Allan Edwall,Ewa Fröling,Erland Josephson,Jan Malmsjö,Gunn Wållgren,Börje Ahlstedt,Harriet Andersson,Gunnar Björnstrand,Stina Ekblad,Mats Bergman,Pernilla August,Mona Malm,Jarl Kulle,Christina Schollin,Kerstin Tidelius,Inga Ålenius,Hugo Hasslo,Kristina Adolphson"
Macario,4.31,91,1:31,Spanish,Roberto Gavaldón,1960,"Fantasy,Drama",Mexico,1340,8759,"Ignacio López Tarso,Pina Pellicer,Enrique Lucero,Mario Alberto Rodríguez,José Gálvez,Eduardo Fajardo,Consuelo Frank,José Dupeyrón,Celia Tejeda,Luis Aceves Castañeda,Miguel Arenas,Alfredo Wally Barrón,Queta Carrasco,Felipe de Flores,Alicia del Lago,Manuel Dondé"
The Cranes Are Flying,4.31,97,1:37,Russian,Mikhail Kalatozov,1957,"Drama,Romance,War",USSR,4396,20852,"Tatyana Samoylova,Aleksey Batalov,Vasili Merkuryev,Aleksandr Shvorin,Svetlana Kharitonova,Konstantin Kadochnikov,Valentin Zubkov,Antonina Bogdanova,Boris Kokovkin,Ekaterina Kupriyanova,Valentina Ananina,Valentina Vladimirova,Olga Dzisko,Leonid Knyazev,Georgiy Kulikov,Daniil Netrebin,Aleksandr Popov"
The Silence of the Lambs,4.31,119,1:59,English,Jonathan Demme,1991,"Thriller,Drama,Crime",USA,59926,822272,"Jodie Foster,Anthony Hopkins,Scott Glenn,Ted Levine,Anthony Heald,Brooke Smith,Diane Baker,Kasi Lemmons,Frankie Faison,Tracey Walter,Charles Napier,Danny Darst,Alex Coleman,Dan Butler,Paul Lazar,Ron Vawter,Roger Corman,Lawrence A. Bonney,Lawrence T. Wrentz,Don Brockett,Frank Seals Jr.,Stuart Rudin,Masha Skorobogatov,Jeffrie Lane,Leib Lensky"
It's Such a Beautiful Day,4.31,62,1:02,English,Don Hertzfeldt,2012,"Animation,Comedy,Drama",USA,14218,56045,"Don Hertzfeldt,Sara Cushman"
Before Sunset,4.31,80,1:20,"English,French",Richard Linklater,2004,"Romance,Drama",USA,47784,252298,"Ethan Hawke,Julie Delpy,Vernon Dobtcheff,Louise Lemoine Torrès,Rodolphe Pauly,Mariane Plasteig,Diabolo,Denis Evrard,Albert Delpy,Marie Pillet"
A Woman Under the Influence,4.31,155,2:35,"English,Italian",John Cassavetes,1974,Drama,USA,10825,48555,"Peter Falk,Gena Rowlands,Fred Draper,Lady Rowlands,Katherine Cassavetes,Matthew Labyorteaux,Matthew Cassel,Christina Grisanti,George Dunn,Mario Gallo,Eddie Shaw,Angelo Grisanti,Charles Horvath"
It's a Wonderful Life,4.3,130,2:10,English,Frank Capra,1946,"Fantasy,Family,Drama",USA,43543,228764,"James Stewart,Donna Reed,Lionel Barrymore,Thomas Mitchell,Henry Travers,Beulah Bondi,Frank Faylen,Ward Bond,Gloria Grahame,H.B. Warner,Frank Albertson,Todd Karns,Samuel S. Hinds,Mary Treen,Virginia Patton,Charles Williams,Sarah Edwards,William Edmunds,Lillian Randolph,Argentina Brunetti,Robert J. Anderson,Ronnie Ralph,Jean Gale,Jeanine Ann Roose,Danny Mummert,Georgie Nokes,Sheldon Leonard,Frank Hagney,Ray Walker,Charles Lane,Edward Keane,Carol Coombs,Karolyn Grimes,Larry Simms,Jimmy Hawkins,Jean Acker,Ernie Adams,Monya Andre,Stanley Andrews,Sam Ash,Jack Bailey,Louise Bates,Mary Bayless,Beth Belden,Brooks Benedict,Joseph E. Bernard,Al Bridge"
Memories of Murder,4.3,131,2:11,"Korean,English",Bong Joon-ho,2003,"Crime,Drama,Thriller",South Korea,40472,239623,"Song Kang-ho,Kim Sang-kyung,Kim Roi-ha,Song Jae-ho,Byun Hee-bong,Go Seo-hee,Ryu Tae-ho,Park No-shik,Park Hae-il,Jeon Mi-seon,Seo Young-hwa,Woo Go-na,Choi Jong-ryul,Yoo Seung-mok,Shin Hyun-jong"
Scenes from a Marriage,4.3,169,2:49,Swedish,Ingmar Bergman,1974,"Romance,Drama",Sweden,4683,25860,"Liv Ullmann,Erland Josephson,Bibi Andersson,Jan Malmsjö,Gunnel Lindblom,Wenche Foss,Bertil Norström,Anita Wall,Rossana Mariano,Lena Bergman,Ingmar Bergman,Barbro Hiort af Ornäs"
I Am Cuba,4.3,140,2:20,"Spanish,English",Mikhail Kalatozov,1964,Drama,Cuba,2653,13694,"Sergio Corrieri,Salvador Wood,José Gallardo,Raúl García,Luz María Collazo,Jean Bouise,Alberto Morgan,Fausto Mirabal,Roberto García York,María de las Mercedes Díez,Bárbara Domínguez"
The Red Shoes,4.3,133,2:13,"English,Russian,French",Emeric Pressburger,1948,"Drama,Romance",UK,11970,52217,"Moira Shearer,Adolf Wohlbrück,Marius Goring,Léonide Massine,Robert Helpmann,Albert Bassermann,Esmond Knight,Ludmilla Tchérina,Jean Short,Gordon Littmann,Julia Lang,Bill Shine,Austin Trevor"
Sansho the Bailiff,4.3,124,2:04,Japanese,Kenji Mizoguchi,1954,Drama,Japan,2775,18444,"Kinuyo Tanaka,Yoshiaki Hanayagi,Kyōko Kagawa,Eitarō Shindō,Akitake Kôno,Masahiko Tsugawa,Keiko Enami,Masao Shimizu,Ken Mitsuda,Kazukimi Okuni,Yōko Kozono,Noriko Tachibana,Ichirō Sugai,Teruko Omi"
War and Peace,4.3,422,7:02,"Russian,French,German,Hungarian",Sergey Bondarchuk,1965,"Drama,History,War,Romance",USSR,1436,5780,"Ludmila Savelyeva,Sergey Bondarchuk,Vyacheslav Tikhonov,Viktor Stanitsyn,Kira Golovko,Oleg Tabakov,Sergei Yermilov,Irina Gubanova,Anatoli Ktorov,Antonina Shuranova,Anastasiya Vertinskaya,Boris Smirnov,Irina Skobtseva,Vasili Lanovoy,Oleg Efremov,Nikolai Tolkachyov,Yelena Tyapkina,Klavdiya Polovikova,Eduard Martsevich,Angelina Stepanova,Gemma Firsova,Galina Kravchenko,Boris Zakhava,Nikolay Trofimov,Giuli Chokhonelidze,Nikolai Rybnikov,Aleksandr Borisov,Nonna Mordyukova,Aleksandr Semin,Mikhail Khrabrov,Stanislav Chekan,Viktor Murganov,Vladislav Strzhelchik,Vadim Safronov,Nikolai Bubnov,Ivan Solovyov,Yuri Chekulayev,Pyotr Savin,Andrey Smirnov,Vasiliy Badayev,Herberts Zommers,Jānis Grantiņš,D. Eizental,Jean-Claude Ballard,Georgi Millyar,Boris Molchanov,Lev Polyakov,Georgi Shapovalov,Ivan Turchenkov,Nikolai Khryashchikov,Semen Svashenko,Aleksandr Kuznetsov,Aleksandr Lebedev,Nikolay Smorchkov,Ivan Zhevago,Alexey Bahar,Mikhail Vorobyov,Aleksandr Degtyar,Ye. Shalamov,A. Boldyrev,Denis Sivakov,N. Sorokin,Vladimir Prikhodko,Daniil Netrebin,Yelena Stroyeva"
Psycho,4.3,109,1:49,English,Alfred Hitchcock,1960,"Drama,Thriller,Horror",USA,44102,469218,"Anthony Perkins,Janet Leigh,Vera Miles,John Gavin,Martin Balsam,John McIntire,Simon Oakland,Frank Albertson,Patricia Hitchcock,Vaughn Taylor,Lurene Tuttle,John Anderson,Mort Mills,Fletcher Allen"
Fight Club,4.3,139,2:19,English,David Fincher,1999,"Drama,Comedy,Thriller",Germany,129875,1293749,"Edward Norton,Brad Pitt,Helena Bonham Carter,Meat Loaf,Jared Leto,Zach Grenier,Holt McCallany,Eion Bailey,Richmond Arquette,David Andrews,Christina Cabot,Tim DeZarn,Ezra Buzzington,Bob Stephenson,David Lee Smith,Carl Ciarfalio,Stuart Blumberg,Mark Fite,Matt Winston,Lauren Sánchez,Thom Gossom Jr.,Markus Redmond,Van Quattro,Michael Girardin,David Jean Thomas,Paul Carafotes,Christopher John Fields,Michael Shamus Wiles,George Maguire,Eugenie Bondurant"
The Given Word,4.29,98,1:38,Portuguese,Anselmo Duarte,1962,Drama,Brazil,917,5966,"Leonardo Villar,Glória Menezes,Dionísio Azevedo,Geraldo del Rey,Roberto Ferreira,Othon Bastos,Antônio Pitanga,Gilberto Marques,Norma Bengell,Jurema Penna,Milton Gaúcho,Enoch Torres,Carlos Torres,João Di Sordi,Veveldo Diniz"
Once Upon a Time in the West,4.29,166,2:46,"Italian,English",Sergio Leone,1968,"Drama,Western",Italy,12136,108101,"Claudia Cardinale,Henry Fonda,Jason Robards,Charles Bronson,Gabriele Ferzetti,Paolo Stoppa,Woody Strode,Jack Elam,Keenan Wynn,Frank Wolff,Lionel Stander,Frank Braña,Stefano Imparato,Claudio Mancini"
The Ascent,4.29,111,1:51,"Russian,German",Larisa Shepitko,1977,"War,Drama",USSR,4168,18676,"Boris Plotnikov,Vladimir Gostyukhin,Sergey Yakovlev,Lyudmila Polyakova,Viktoriya Goldentul,Anatoliy Solonitsyn,Mariya Vinogradova,Nikolai Sektimenko,Anatoli Chebotaryov,Sergei Kanishchev,Vasili Kravtsov,Mikhail Selyutin,Leonid Yukhin,Aleksandr Zvenigorskiy,Vladimir Rudyy"
Pulp Fiction,4.29,154,2:34,"English,Spanish,French",Quentin Tarantino,1994,"Crime,Thriller",USA,80039,1221789,"John Travolta,Samuel L. Jackson,Uma Thurman,Bruce Willis,Ving Rhames,Harvey Keitel,Eric Stoltz,Tim Roth,Amanda Plummer,Maria de Medeiros,Quentin Tarantino,Christopher Walken,Rosanna Arquette,Peter Greene,Duane Whitaker,Angela Jones,Phil LaMarr,Steve Buscemi,Bronagh Gallagher,Laura Lovelace,Frank Whaley,Burr Steers"
Inglourious Basterds,4.29,153,2:33,"English,German,French,Italian",Quentin Tarantino,2009,"Thriller,Drama,Action,War",France,69252,1019187,"Brad Pitt,Mélanie Laurent,Christoph Waltz,Eli Roth,Michael Fassbender,Diane Kruger,Daniel Brühl,Til Schweiger,Gedeon Burkhard,Jacky Ido,B. J. Novak,Omar Doom,August Diehl,Denis Ménochet,Sylvester Groth,Martin Wuttke,Mike Myers,Julie Dreyfus,Léa Seydoux,Richard Sammel,Alexander Fehling,Rod Taylor,Samm Levine,Paul Rust,Michael Bacall,Arndt Schwering-Sohnrey,Petra Hartung,Volker Michalowski"
Barry Lyndon,4.29,185,3:05,"English,German,French",Stanley Kubrick,1975,"Romance,Drama,War",UK,21635,126833,"Ryan O'Neal,Marisa Berenson,Patrick Magee,Hardy Krüger,Diana Körner,Gay Hamilton,Frank Middlemass,Arthur O'Sullivan,Godfrey Quigley,Leonard Rossiter,Philip Stone,Steven Berkoff,Marie Kean,Murray Melvin,André Morell,Leon Vitali,Billy Boyle"
2001: A Space Odyssey,4.29,149,2:29,"English,Russian",Stanley Kubrick,1968,"Science Fiction,Adventure,Mystery",UK,63586,496883,"Keir Dullea,Gary Lockwood,William Sylvester,Douglas Rain,Daniel Richter,Leonard Rossiter,Margaret Tyzack,Robert Beatty,Sean Sullivan,Frank Miller,Ed Bishop,Edwina Carroll,Heather Downham,Penny Brahms,Maggie London,Chela Matthison,Judy Kiern,Alan Gifford,Ann Gillis,Vivian Kubrick,Kenneth Kendall,Kevin Scott,Martin Amor,Bill Weston"
Se7en,4.29,127,2:07,English,David Fincher,1995,"Thriller,Crime,Mystery",USA,75120,875278,"Brad Pitt,Morgan Freeman,Gwyneth Paltrow,Kevin Spacey,R. Lee Ermey,John C. McGinley,Julie Araskog,Mark Boone Junior,John Cassini,Reg E. Cathey,Peter Crombie,Richard Roundtree,Richard Schiff,Hawthorne James,Michael Massee,Leland Orser,Richard Portnow,Daniel Zacapa,Alfonso Freeman,Harris Savides"
Mirror,4.29,107,1:47,"Russian,Spanish",Andrei Tarkovsky,1975,"Drama,History",USSR,14768,72897,"Margarita Terekhova,Ignat Daniltsev,Larisa Tarkovskaya,Alla Demidova,Anatoliy Solonitsyn,Nikolay Grinko,Tamara Ogorodnikova,Yuriy Nazarov,Oleg Yankovskiy,Filipp Yankovsky,Yuri Sventikov,Tatyana Reshetnikova,Mariya Tarkovskaya-Vishnyakova,Olga Kizilova"
Love Exposure,4.29,237,3:57,Japanese,Sion Sono,2008,"Romance,Drama,Action,Comedy",Japan,8310,30674,"Takahiro Nishijima,Hikari Mitsushima,Sakura Ando,Makiko Watanabe,Atsuro Watabe,Yutaka Shimizu,Hiroyuki Onoue,Tasuku Nagaoka,Sow Hirosawa,Yûko Genkaku,Mami Nakamura,Arata Yamanaka,Junya Iwamoto,Motoki Ochiai,Sango,Atsushi Yamanaka,Kôichi Koshimura,Shingo Tanaka,Ryuichi Suzuki,Kiyomi Aratani,Yûya Kawamura,Runa Teramoto,Nanami Hinata,Kunihiro Suda,Mitsuyo Ishigaki,Kioo Ikeda,Chisato Kawai,Hiroko Harada,Ryuta Furuya,Mika Yasuda,Umi Yamano,Ayumi Takahashi,Kenji Terui,Takahumi Shinohara,Nobuhiro Nishihara,Kai Miyauchi,Hitomi Okada,Eri Yamazaki,Ryosuke Nagata,Toshimi Tasaki,Hotaru Akane,Aki Kawamura,Masahiro Gondô,Masahiro Kohama,Yûka Arai,Mai Nakano,Nasubi,Yusuke Nakayama,Boku Kimura,Shigenobu Yasuda,Kinto Gin,Jun'ichirô Kishi,Q'Taro,Setchin Kawaya,Manabu Yazaki,Misaki Hirata,Yuki Kurosawa,Arata Takase,Miki Hayashida,Mayu Matsuoka,Hiroyuki Ishiga,Kaoru Sawayama,Jyonmyon Pe,Akira Sekiguchi,Itsuji Itao,Ryo Iwamatsu,Hiroshi Ohguchi,Taka Okubo,Tadashi Okada,Mitsuru Kuramoto,Jai West,Yoriko Dōguchi,Motoki Fukami,Mitsuru Fukikoshi,Usamaru Furuya,Keisuke Horibe,Shinji Miyadai,Go Ayano,Juri Imai,Anny"
Incendies,4.28,131,2:11,"French,Arabic,English",Denis Villeneuve,2010,"Drama,Mystery,War",Canada,18011,113417,"Lobna Azabal,Mélissa Désormeaux-Poulin,Maxim Gaudette,Rémy Girard,Allen Altman,Abdelghafour Elaaziz,Dominique Briand,Frédéric Paquet,Ahmad Massad,John Dunn-Hill,Jackie Sawiris,Lara Atalla,Baya Belal,Yousef Shweihat"
The Second Mother,4.28,112,1:52,"Portuguese,English",Anna Muylaert,2015,Drama,Brazil,5584,36762,"Regina Casé,Camila Márdila,Karine Teles,Lourenço Mutarelli,Michel Joelsas,Helena Albergaria,Bete Dorgam,Luis Miranda,Theo Werneck,Luci Pereira,Anapaula Csernik,Hugo Villavicenzio,Roberto Camargo,Alex Huszar,Andrey Lima Lopes,Thaise Reis,Nilcéia Vicente"
One Flew Over the Cuckoo's Nest,4.28,133,2:13,English,Miloš Forman,1975,Drama,USA,23864,340338,"Jack Nicholson,Louise Fletcher,Danny DeVito,William Redfield,Scatman Crothers,Brad Dourif,Christopher Lloyd,Will Sampson,Dean R. Brooks,Michael Berryman,Sydney Lassick,William Duell,Vincent Schiavelli,Peter Brocco"
Nights of Cabiria,4.28,110,1:50,Italian,Federico Fellini,1957,Drama,Italy,5782,36194,"Giulietta Masina,François Périer,Franca Marzi,Amedeo Nazzari,Aldo Silvani,Dorian Gray,Ennio Girolami,Mario Passante,Franco Balducci,Ciccio Barbi,Luciano Bonanni,Leo Catozzo,Mimmo Poli,Dominique Delouche"
The Battle of Algiers,4.28,121,2:01,"Italian,English,Arabic,French",Gillo Pontecorvo,1966,"Drama,War,History",Italy,6461,41530,"Brahim Hadjadj,Jean Martin,Yacef Saadi,Samia Kerbash,Ugo Paletti,Fusia El Kader,Mohamed Ben Kassen,Gene Wesson"
Pather Panchali,4.28,125,2:05,"Bengali, Bangla",Satyajit Ray,1955,"History,Drama",India,5264,28697,"Subir Banerjee,Uma Das Gupta,Karuna Banerjee,Kanu Bannerjee,Chunibala Devi,Runki Banerjee,Reba Devi,Aparna Devi,Tulsi Chakraborty,Haren Banerjee,Rampada Das,Nibhanani Devi,Rama Gangopadhaya,Roma Ganguli,Binoy Mukherjee,Haridhan Nag,Harimohan Nag,Kshirod Roy,Suren Roy"
Ordet,4.27,125,2:05,Danish,Carl Theodor Dreyer,1955,Drama,Denmark,2832,17717,"Henrik Malberg,Birgitte Federspiel,Emil Hass Christensen,Preben Lerdorff Rye,Cay Kristiansen,Ejner Federspiel,Gerda Nielsen,Sylvia Eckhausen,Ann Elisabeth Groth,Susanne Rud,Ove Rud,Henry Skjær,Edith Trane,Hanne Agesen,Kirsten Andreasen"
No Country for Old Men,4.27,122,2:02,"English,Spanish",Joel Coen,2007,"Drama,Thriller,Crime",USA,52185,633107,"Josh Brolin,Javier Bardem,Tommy Lee Jones,Kelly Macdonald,Woody Harrelson,Garret Dillahunt,Tess Harper,Barry Corbin,Stephen Root,Rodger Boyce,Beth Grant,Ana Reeder,Kit Gwin,Zach Hopkins,Chip Love,Eduardo Antonio Garcia,Gene Jones,Myk Watford,Boots Southerland,Kathy Lamkin"
The Seventh Seal,4.27,96,1:36,Swedish,Ingmar Bergman,1957,"Drama,Fantasy",Sweden,21092,148911,"Max von Sydow,Gunnar Björnstrand,Bengt Ekerot,Nils Poppe,Bibi Andersson,Inga Gill,Maud Hansson,Inga Landgré,Gunnel Lindblom,Bertil Anderberg,Anders Ek,Åke Fridell,Gunnar Olsson,Erik Strandmark,Lars Lind,Benkt-Åke Benktsson,Tor Borong,Gudrun Brost"
The Pianist,4.27,150,2:30,"English,Polish,Russian,German",Roman Polanski,2002,"War,Drama",France,17189,303881,"Adrien Brody,Thomas Kretschmann,Frank Finlay,Maureen Lipman,Emilia Fox,Ed Stoppard,Julia Rayner,Jessica Kate Meyer,Michal Zebrowski,Wanja Mues,Richard Ridings,Nomi Sharron,Anthony Milner,Lucy Skeaping,Roddy Skeaping,Ben Harlan,Thomas Lawinky,Joachim Paul Assböck,Roy Smiles,Paul Bradley,Daniel Caltagirone,Andrzej Blumenfeld,Zbigniew Zamachowski,Detlev von Wangenheim,Popeck,Zofia Czerwińska,Udo Kroschwald,Uwe Rathsam,Joanna Brodzik,Katarzyna Bargiełowska,Maja Ostaszewska,John Bennett"
Alien,4.27,117,1:57,"English,Spanish",Ridley Scott,1979,"Science Fiction,Horror",USA,54978,554698,"Tom Skerritt,Sigourney Weaver,Veronica Cartwright,Harry Dean Stanton,John Hurt,Ian Holm,Yaphet Kotto,Bolaji Badejo,Helen Horton,Boris Kempner"
Farewell My Concubine,4.27,171,2:51,Chinese,Chen Kaige,1993,Drama,China,2358,18310,"Leslie Cheung,Zhang Feng Yi,Gong Li,Jiang Wenli,Ge You,Lu Qi,Ying Da,Yi Di,Zhi Yitong,Fei Zhenxiang,Li Chun,Lei Han,Ma Ming-Wei,Zhao Hai-Long,Yin Zhi,Li Dan,Yang Yong-Chao,Yang Lixin,David Wu"
The Shining,4.27,144,2:24,English,Stanley Kubrick,1980,"Horror,Thriller",USA,86729,977978,"Jack Nicholson,Shelley Duvall,Danny Lloyd,Philip Stone,Scatman Crothers,Joe Turkel,Barry Nelson,Barry Dennen,Tony Burton,Lia Beldam,Billie Gibson"
Chungking Express,4.27,103,1:43,"Cantonese,Chinese,English,Hindi,Japanese,Eastern Punjabi, Eastern Panjabi",Wong Kar-wai,1994,"Romance,Comedy,Drama",Hong Kong,54700,231880,"Takeshi Kaneshiro,Brigitte Lin,Tony Leung Chiu-wai,Faye Wong,Valerie Chow,Piggy Chan,Kwan Lee-na,Wong Chi-Ming,Leung San,Rico Chu,Lynne Langdon,Vickie Eng,Thom Baker"
Werckmeister Harmonies,4.26,139,2:19,"Hungarian,Slovak",Béla Tarr,2000,Drama,France,2551,16739,"Lars Rudolph,Peter Fitz,Hanna Schygulla,Alfréd Járai,Gyula Pauer,János Derzsi,Mihály Kormos,Putyi Horváth,Éva Almássy Albert,Péter Dobai,László feLugossy,Barna Mihók,Sandor Bese"
Marcel the Shell with Shoes On,4.26,90,1:30,English,Dean Fleischer Camp,2021,"Comedy,Family,Drama,Animation",USA,38633,82451,"Jenny Slate,Dean Fleischer Camp,Isabella Rossellini,Thomas Mann,Rosa Salazar,Lesley Stahl,Nathan Fielder,Andy Richter,Sarah Thyre,Jessi Klein,Peter Bonerz"
Mars One,4.25,115,1:55,Portuguese,Gabriel Martins,2022,Drama,Brazil,3258,9452,"Rejane Faria,Carlos Francisco,Camilla Damião,Cícero Lucas,Ana Hilário,Russo Apr,Dircinha Macêdo,Tokinho,Juan Pablo Sorín"
City Lights,4.26,87,1:27,No spoken language,Charlie Chaplin,1931,"Drama,Romance,Comedy",USA,9643,76915,"Charlie Chaplin,Virginia Cherrill,Harry Myers,Al Ernest Garcia,Hank Mann,Albert Austin,Eddie Baker,Henry Bergman,Buster Brodie,Jeanne Carpenter,Tom Dempsey,James Donnelly"
8½,4.26,139,2:19,"Italian,German,English,French",Federico Fellini,1963,"Fantasy,Drama",Italy,16922,107040,"Marcello Mastroianni,Claudia Cardinale,Anouk Aimée,Sandra Milo,Rossella Falk,Barbara Steele,Madeleine Lebeau,Caterina Boratto,Eddra Gale,Guido Alberti,Mario Conocchia,Bruno Agostini,Cesarino Miceli Picardi,Jean Rougeul,Mario Pisu,Yvonne Casadei,Ian Dallas,Mino Doro,Nadia Sanders"
Interstellar,4.26,169,2:49,English,Christopher Nolan,2014,"Science Fiction,Drama,Adventure",UK,99576,1153713,"Matthew McConaughey,Anne Hathaway,Jessica Chastain,Mackenzie Foy,Michael Caine,Bill Irwin,Casey Affleck,John Lithgow,Wes Bentley,David Gyasi,Matt Damon,Topher Grace,Timothée Chalamet,Ellen Burstyn"
Singin' in the Rain,4.26,103,1:43,English,Stanley Donen,1952,"Comedy,Romance,Drama,Music",USA,30775,190750,"Gene Kelly,Donald O'Connor,Debbie Reynolds,Jean Hagen,Millard Mitchell,Cyd Charisse,Douglas Fowley,Rita Moreno,Mae Clarke,Bess Flowers,Robert Foulk,Kathleen Freeman,Joi Lansing,Sylvia Lewis,Harry 'Snub' Pollard,William Schallert,Elaine Stewart,Brick Sullivan,John George,King Donovan,Lana Turner,Allen Sutherland,Dawn Addams,John Albright,Betty Van Allen,Sue Allen,Marie Ardell,Bette Arlen,David Bair,Jimmy Bates,Mary Bayless,Marcella Becker,Margaret Bert,Madge Blake,Lulu Mae Bohrman,Gail Bonney,Chet Brandenburg,Tex Brodus,Barbara Carroll,Gwen Carter,Bill Chatham,Lyle Clark,Dorinda Clifton,Harry Cody,Chick Collins,Pat Conway,Jeanne Coyne,Ruby C. Currie,Fred Datig Jr.,Bert Davidson,Robert Dayo,Gloria Dea,Patricia Denise,Harry Denny,Kay Deslys,John Dodsworth,Michael Dugan,Phil Dunham,Helen Eby-Rock,Richard Emory,Betty Erbes,Charles Evans"
Late Spring,4.26,110,1:50,Japanese,Yasujirō Ozu,1949,Drama,Japan,5334,31392,"Chishū Ryū,Setsuko Hara,Yumeji Tsukioka,Haruko Sugimura,Hohi Aoki,Jun Usami,Kuniko Miyake,Masao Mishima,Yoshiko Tsubouchi,Yôko Katsuragi,Toyo Takahashi,Jun Tanizaki"
All About Eve,4.26,139,2:19,"English,French",Joseph L. Mankiewicz,1950,Drama,USA,9443,61518,"Bette Davis,Anne Baxter,George Sanders,Celeste Holm,Gary Merrill,Hugh Marlowe,Gregory Ratoff,Barbara Bates,Marilyn Monroe,Thelma Ritter,Walter Hampden,Randy Stuart,Craig Hill,Leland Harris,Barbara White,Eddie Fisher,William Pullen,Claude Stroud,Eugene Borden"
An Elephant Sitting Still,4.25,234,3:54,Chinese,Hu Bo,2018,Drama,China,4930,20659,"Peng Yuchang,Wang Yuwen,Zhang Yu,Li Congxi,Zhenghui Ling,Xiaolong Zhang,Li Danyi,Kong Wei,Kong Yixin,Chaobei Wang,Wang Xueyang,Zhu Yan Man Zi,Zhaoyan Guozhang,Li Suyun,Huang Ximan,Li Qing,He Miaomiao,Li Binyuan"
Landscape in the Mist,4.25,125,2:05,Greek (modern),Theo Angelopoulos,1988,Drama,France,2165,13717,"Michalis Zeke,Tania Palaiologou,Stratos Tzortzoglou,Eva Kotamanidou,Aliki Georgouli,Ilias Logothetis,Vangelis Kazan,Stratos Pahis,Mihalis Giannatos,Kiriakos Katrivanos,Grigoris Evangelatos,Nadia Mourouzi"
The Best of Youth,4.25,366,6:06,"Italian,Norwegian,English",Marco Tullio Giordana,2003,"Romance,Drama,History",Italy,885,6844,"Luigi Lo Cascio,Alessio Boni,Adriana Asti,Sonia Bergamasco,Fabrizio Gifuni,Maya Sansa,Valentina Carnelutti,Jasmine Trinca,Andrea Tidona,Lidia Vitale,Claudio Gioè,Paolo Bonanni,Giovanni Scifoni,Riccardo Scamarcio,Camilla Filippi,Mario Schiano,Michele Melega,Thérèse Vaddem,Stefano Abbati,Giovanni Martorana,Paolo De Vita,Mimmo Mignemi,Domenico Centamore,Pippo Montalbano,Gaspare Cucinella,Dario Veca,Nicola Vigilante,Marcello Prayer,Walter Da Pozzo,Krum De Nicola,Maurizio Di Carmine,Roberto Accornero,Fabio Camilli,Antonello Puglisi,Emilia Marra"
The 400 Blows,4.25,99,1:39,"French,English",François Truffaut,1959,Drama,France,16185,119310,"Jean-Pierre Léaud,Claire Maurier,Albert Rémy,Georges Flamant,Patrick Auffay,Robert Beauvais,Yvonne Claudie,Pierre Repp,Guy Decomble,Daniel Couturier,François Nocher,Richard Kanayan,Renaud Fontanarosa,Michel Girard"
Tampopo,4.25,115,1:55,Japanese,Juzo Itami,1985,Comedy,Japan,14839,51322,"Tsutomu Yamazaki,Nobuko Miyamoto,Ken Watanabe,Kōji Yakusho,Rikiya Yasuoka,Hyōe Enoki,Gō Awazu,Mario Abe,Izumi Hara,Isao Hashizume,Hisashi Igawa,Toshimune Kato,Kenso Kato"
Bicycle Thieves,4.24,89,1:29,Italian,Vittorio De Sica,1948,Drama,Italy,15139,110216,"Lamberto Maggiorani,Enzo Staiola,Lianella Carell,Elena Altieri,Gino Saltamerenda,Giulio Chiari,Vittorio Antonucci,Michele Sakara,Carlo Jachino,Emma Druetti,Giulio Battiferri,Sergio Leone,Mario Meniconi"
A Special Day,4.24,106,1:46,Italian,Ettore Scola,1977,"Drama,Romance",Italy,2090,14666,"Sophia Loren,Marcello Mastroianni,John Vernon,Françoise Berd,Patrizia Basso,Tiziano De Persio,Maurizio Di Paolantonio,Antonio Garibaldi,Vittorio Guerrieri,Alessandra Mussolini,Nicole Magny,Galeazzo Ciano,Adolf Hitler,King Victor Emanuel III,Benito Mussolini"
Funeral Parade of Roses,4.24,105,1:45,Japanese,Toshio Matsumoto,1969,"Drama,Crime",Japan,6724,26913,"Shinnosuke Ikehata,Osamu Ogasawara,Yoshio Tsuchiya,Emiko Azuma,Yoshihiro Katô,Koichi Nakamura,Masato Hara,Toyosaburo Uchiyama,Nagaharu Yodogawa"
Mommy,4.24,138,2:18,"French,English",Xavier Dolan,2014,Drama,Canada,23611,121536,"Anne Dorval,Antoine Olivier Pilon,Suzanne Clément,Alexandre Goyette,Michèle Lituac,Viviane Pacal,Natalie Hamel-Roy,Isabelle Nélisse,Patrick Huard,Ted Pluviose,Pierre-Yves Cardinal,Reda Guerinik,Justin Laramée"
A Man Escaped,4.24,101,1:41,"French,German",Robert Bresson,1956,"History,Drama,Thriller,War",France,5827,32672,"François Leterrier,Charles Le Clainche,Maurice Beerblock,Roland Monod,Jacques Ertaud,Jean Paul Delhumeau,Roger Treherne,Jean Philippe Delamarre,Jacques Oerlemans,Klaus Detlef Grevenhorst,Leonhard Schmidt,Roger Planchon"
A Separation,4.24,123,2:03,Persian (Farsi),Asghar Farhadi,2011,Drama,Australia,8230,81366,"Leila Hatami,Payman Maadi,Shahab Hosseini,Sare Bayat,Sarina Farhadi,Babak Karimi,Ali-Asghar Shahbazi,Shirin Yazdanbakhsh,Kimia Hosseini,Merila Zarei,Mohammad Sajadian,Armine Zeytounchian,Bahareh Riahi"
Three Colors: Red,4.24,100,1:40,French,Krzysztof Kieślowski,1994,"Romance,Mystery,Drama",France,11708,82105,"Irène Jacob,Jean-Louis Trintignant,Jean-Pierre Lorit,Frédérique Feder,Samuel Le Bihan,Marion Stalens,Teco Celio,Bernard Escalon,Jean Schlegel,Elżbieta Jasińska,Zbigniew Zamachowski,Juliette Binoche,Julie Delpy,Benoît Régent,Roland Carey,Jean-Marie Daunas"
Aftersun,4.25,102,1:42,"English,Turkish",Charlotte Wells,2022,Drama,Turkey,52097,129769,"Frankie Corio,Paul Mescal,Celia Rowlson-Hall,Sally Messham,Ayşe Parlak,Sophia Lamanova,Brooklyn Toulson,Spike Fearn,Harry Perdios,Frank Corio,Ruby Thompson,Ethan James Smith,Onur Ekşioğlu"
M,4.24,109,1:49,German,Fritz Lang,1931,"Crime,Action,Thriller,Drama",Germany,12848,92106,"Peter Lorre,Ellen Widmann,Inge Landgut,Otto Wernicke,Theodor Loos,Gustaf Gründgens,Friedrich Gnaß,Fritz Odemar,Paul Kemp,Theo Lingen,Rudolf Blümner,Georg John,Franz Stein,Ernst Stahl-Nachbaur"
Wild Strawberries,4.24,91,1:31,"Swedish,Latin",Ingmar Bergman,1957,Drama,Sweden,10285,78072,"Victor Sjöström,Bibi Andersson,Ingrid Thulin,Gunnar Björnstrand,Jullan Kindahl,Folke Sundquist,Björn Bjelfvenstam,Naima Wifstrand,Gunnel Broström,Gertrud Fridh,Sif Ruud,Gunnar Sjöberg,Max von Sydow"
Where Is My Friend's House?,4.24,83,1:23,Persian (Farsi),Abbas Kiarostami,1987,"Drama,Family",Iran,9157,42733,"Babek Ahmed Poor,Ahmed Ahmed Poor,Kheda Barech Defai,Iran Outari,Ait Ansari,Sadika Taohidi,Ali Djamali,Biman Mouafi,Aziz Babai,Nader Ghoulami,Akbar Mouradi,Teba Slimani,Mohammad Reza Parvaneh"
Red Beard,4.24,185,3:05,Japanese,Akira Kurosawa,1965,Drama,Japan,2293,13961,"Toshirō Mifune,Yûzô Kayama,Tsutomu Yamazaki,Reiko Dan,Miyuki Kuwano,Kyōko Kagawa,Tatsuyoshi Ehara,Terumi Niki,Akemi Negishi,Yoshitaka Zushi,Yoshio Tsuchiya,Eijirō Tōno,Takashi Shimura,Chishū Ryū,Haruko Sugimura,Kinuyo Tanaka,Eijirō Yanagi,Kōji Mitsui,Kō Nishimura,Nobuo Chiba,Kamatari Fujiwara,Ken Mitsuda"
Lawrence of Arabia,4.24,228,3:48,"English,Turkish,Arabic",David Lean,1962,"Adventure,War,Drama,History",UK,13137,106344,"Peter O'Toole,Alec Guinness,Anthony Quinn,Jack Hawkins,Omar Sharif,José Ferrer,Anthony Quayle,Claude Rains,Arthur Kennedy,Donald Wolfit,I.S. Johar,Gamil Ratib,Michel Ray,John Dimech,Zia Mohyeddin,Howard Marion-Crawford,Jack Gwillim,Hugh Miller,John Barry,Bruce Beeby,Fred Bennett,John Bennett,Steve Birtles"
The Young Girls of Rochefort,4.24,126,2:06,French,Jacques Demy,1967,"Comedy,Drama,Romance",France,11399,34123,"Catherine Deneuve,Françoise Dorléac,Jacques Perrin,Gene Kelly,Danielle Darrieux,Michel Piccoli,George Chakiris,Grover Dale,Jacques Riberolles,Geneviève Thénier,Henri Crémieux,Pamela Hart,Leslie North,Patrick Jeantet,René Pascal,Dorothée Blanck,Daniel Moquay,Daniel Gall,Bernard Fradet,Remy Brozek,Véronique Duval,Pierre Caden,Peter Ardran,Wendy Barry,Sarah Butler,Anne Chapman,Jane Darling,Tudor Davies"
Life Is Beautiful,4.24,116,1:56,"Italian,German,English,Czech",Roberto Benigni,1997,"Comedy,Drama",Italy,11000,198353,"Roberto Benigni,Nicoletta Braschi,Giorgio Cantarini,Giustino Durano,Sergio Bini Bustric,Lidia Alfonsi,Giuliana Lojodice,Amerigo Fontani,Pietro De Silva,Francesco Guzzo,Raffaella Lebboroni"
All That Jazz,4.24,123,2:03,English,Bob Fosse,1979,Drama,USA,12166,43357,"Roy Scheider,Jessica Lange,Ann Reinking,Leland Palmer,Cliff Gorman,Ben Vereen,Erzsebet Foldi,Michael Tolan,Max Wright,William LeMassena,Irene Kane,Deborah Geffner,Kathryn Doby,Anthony Holland,Robert Hitt,David Margulies,Sue Paul,Keith Gordon,Frankie Man,Alan Heim,John Lithgow,Sandahl Bergman,Eileen Casey,Bruce Anthony Davis,Gary Flannery,Jennifer Nairn-Smith,Danny Ruvolo,Leland Schwantes,John Sowinski,Candace Tovar,Rima Vetter,Trudy Carson,Mary Sue Finnerty,Lesley Kingley"
They Don't Wear Black Tie,4.24,134,2:14,Portuguese,Leon Hirszman,1981,Drama,Brazil,892,5377,"Carlos Alberto Riccelli,Gianfrancesco Guarnieri,Bete Mendes,Fernanda Montenegro,Milton Gonçalves,Francisco Milani,Fernando Ramos da Silva,Anselmo Vasconcelos,Gilberto Moura,Renato Consorte,Paulo José,Lélia Abramo"
Dr. Strangelove or: How I Learned to Stop Worrying and Love the Bomb,4.24,95,1:35,English,Stanley Kubrick,1964,"Drama,Comedy,War",UK,29225,255476,"Peter Sellers,George C. Scott,Sterling Hayden,Keenan Wynn,Slim Pickens,Peter Bull,James Earl Jones,Tracy Reed,Jack Creley,Frank Berry,Robert O'Neill,Glenn Beck,Roy Stephens"
Army of Shadows,4.23,145,2:25,"French,German,English",Jean-Pierre Melville,1969,"Drama,War,Thriller",France,3472,23568,"Lino Ventura,Paul Meurisse,Jean-Pierre Cassel,Simone Signoret,Claude Mann,Paul Crauchet,Christian Barbier,Alain Dekok,Alain Libolt,Jean-Marie Robain,Albert Michel,Georges Sellier"
Casablanca,4.23,102,1:42,"English,German,French,Italian",Michael Curtiz,1942,"Romance,Drama",USA,34286,266087,"Humphrey Bogart,Ingrid Bergman,Paul Henreid,Claude Rains,Conrad Veidt,Sydney Greenstreet,Peter Lorre,S.Z. Sakall,Madeleine Lebeau,Dooley Wilson,Joy Page,John Qualen,Leonid Kinskey,Curt Bois,Enrique Acosta,Ed Agresti,Louis V. Arco,Frank Arnold,Leon Belasco,Nino Bellini,Oliver Blake,Monte Blue,Eugene Borden,Dick Botiller,Maurice Brierre,Sebastian Cabot,Anita Camargo,George M. Carleton,Spencer Chan,Melie Chang,Tex Cooper,Gino Corrado,Franco Corsaro,Adrienne D'Ambricourt,Marcel Dalio,Helmut Dantine,Jean De Briac,George Dee,Jean Del Val,Carl Deloro,Joseph DeVillard,Arthur Dulac"
The Father,4.23,97,1:37,English,Florian Zeller,2020,Drama,France,43310,191798,"Anthony Hopkins,Olivia Colman,Mark Gatiss,Olivia Williams,Imogen Poots,Rufus Sewell,Ayesha Dharker,Roman Zeller,Evie Wray,Brian Rodger,Romulus Stoicescu"
Fantastic Mr. Fox,4.23,87,1:27,English,Wes Anderson,2009,"Comedy,Family,Animation,Adventure",USA,86531,599392,"George Clooney,Meryl Streep,Jason Schwartzman,Bill Murray,Willem Dafoe,Owen Wilson,Wallace Wolodarsky,Eric Chase Anderson,Michael Gambon,Jarvis Cocker,Wes Anderson,Robin Hurlstone"
Prisoners,4.23,153,2:33,English,Denis Villeneuve,2013,"Drama,Crime,Thriller",USA,71558,549789,"Hugh Jackman,Jake Gyllenhaal,Maria Bello,Terrence Howard,Paul Dano,Viola Davis,Melissa Leo,Dylan Minnette,Zoë Soul,Wayne Duvall,David Dastmalchian,Len Cariou,Sandra Ellis Lafferty,Erin Gerasimovich"
The Sacrifice,4.23,149,2:29,"Swedish,Icelandic,English,French",Andrei Tarkovsky,1986,Drama,France,5613,36272,"Erland Josephson,Susan Fleetwood,Allan Edwall,Guðrún Gísladóttir,Sven Wollter,Valérie Mairesse,Filippa Franzén,Tommy Kjellqvist,Per Källman,Tommy Nordahl,Tintin Anderzon,Jane Friedmann,Helena Brodin,Martin Lindström,Birgit Carlstén,Jan-Olof Strandberg"
Evangelion: 3.0+1.0 Thrice Upon a Time,4.22,155,2:35,Japanese,Hideaki Anno,2021,"Science Fiction,Action,Animation,Drama",Japan,15670,47063,"Megumi Ogata,Yuko Miyamura,Megumi Hayashibara,Maaya Sakamoto,Kotono Mitsuishi,Yuriko Yamaguchi,Tomokazu Seki,Tetsuya Iwanaga,Junko Iwao,Miki Nagasawa,Koki Uchiyama,Fumihiko Tachiki,Motomu Kiyokawa,Akira Ishida"
The Grand Budapest Hotel,4.23,100,1:40,"English,French",Wes Anderson,2014,"Comedy,Drama",Germany,101448,971880,"Ralph Fiennes,Tony Revolori,Adrien Brody,Willem Dafoe,Saoirse Ronan,Jeff Goldblum,Owen Wilson,Edward Norton,F. Murray Abraham,Jude Law,Bill Murray,Léa Seydoux,Tilda Swinton,Harvey Keitel,Tom Wilkinson,Mathieu Amalric,Jason Schwartzman,Florian Lukas,Bob Balaban,Fisher Stevens,Wallace Wolodarsky,Waris Ahluwalia,Uwe Holoubek,Larry Pine,Karl Markovics,Volker Michalowski,Daniel Steiner,Hendrik von Bültzingslöwen,Lisa Kreuzer,Rainer Reiners,Sabine Urig,Matthias Matschke,Philipp Sonntag,Hans Martin Stier,Giselda Volodi,Neal Huff,Steffen Scheumann,Milton Welsh,Piet Paes"
Yojimbo,4.22,110,1:50,Japanese,Akira Kurosawa,1961,"Drama,Thriller",Japan,11928,75287,"Toshirō Mifune,Tatsuya Nakadai,Yōko Tsukasa,Isuzu Yamada,Daisuke Katō,Seizaburō Kawazu,Takashi Shimura,Hiroshi Tachikawa,Yōsuke Natsuki,Eijirō Tōno,Kamatari Fujiwara,Ikio Sawamura,Atsushi Watanabe,Susumu Fujita,Kyū Sazanka,Kō Nishimura,Takeshi Katō,Ichirô Nakatani,Sachio Sakai,Akira Tani"
Wings of Desire,4.22,128,2:08,"German,English,French,Hebrew (modern),Japanese,Spanish,Turkish",Wim Wenders,1987,"Romance,Fantasy,Drama",France,10829,63213,"Bruno Ganz,Solveig Dommartin,Otto Sander,Curt Bois,Peter Falk,Hans Martin Stier,Elmar Wilms,Sigurd Rachman,Beatrice Manowski,Lajos Kovács,Bruno Rosaz,Laurent Petitgand,Chick Ortega,Otto Kuhnle,Christoph Merg,Peter Werner,Teresa Harder,Jürgen Heinrich,Annelinde Gerstl,Mick Harvey,Nick Cave,Blixa Bargeld,Susanne Vierkötter,Paul Busch,Karin Busch,Irene Moessinger,Franky,Daniela Nasimcova,Bernard Eisenschitz,Didier Flamand,Rolf Henke,Scott Kirby,Franck Glemin,Jerry Barrish,Jeanette Pollak,Christian Bartels,David Crome,Käthe Fürstenwerth"
Eternal Sunshine of the Spotless Mind,4.22,108,1:48,English,Michel Gondry,2004,"Drama,Romance,Science Fiction",USA,89831,839595,"Jim Carrey,Kate Winslet,Kirsten Dunst,Mark Ruffalo,Elijah Wood,Tom Wilkinson,Jane Adams,David Cross,Deirdre O'Connell,Thomas Jay Ryan,Ryan Whitney,Lola Daehler,Debbon Ayer,Gerry Robert Byrne,Brian Price,Josh Flitter,Paulie Litt,Amir Ali Said,Lauren Adler"
Dog Day Afternoon,4.22,125,2:05,English,Sidney Lumet,1975,"Drama,Thriller,Crime",USA,26698,160840,"Al Pacino,John Cazale,Charles Durning,Chris Sarandon,James Broderick,William Bogert,Penelope Allen,Sully Boyar,Beulah Garrick,Carol Kane,Sandra Kazan,Marcia Jean Kurtz,Amy Levitt,John Marriott,Estelle Omens,Gary Springer"
Dead Poets Society,4.22,128,2:08,"English,Latin",Peter Weir,1989,Drama,USA,65969,547734,"Robin Williams,Ethan Hawke,Robert Sean Leonard,Gale Hansen,Josh Charles,Dylan Kussman,Allelon Ruggiero,James Waterston,Norman Lloyd,Kurtwood Smith,Carla Belver,Leon Pownall,George Martin,Joe Aufiery,Matt Carey,Kevin Cooney,Jane Moore,Lara Flynn Boyle,Colin Irving,Alexandra Powers,Melora Walters"
Paper Moon,4.22,102,1:42,English,Peter Bogdanovich,1973,"Comedy,Drama,Crime",USA,7740,39164,"Ryan O'Neal,Tatum O'Neal,Madeline Kahn,John Hillerman,Jessie Lee Fulton,Noble Willingham,Randy Quaid,P.J. Johnson,James N. Harrell,Burton Gilliam,Hugh Gillin,Desmond Dhooge,Art Ellison,Lila Waters"
Rocco and His Brothers,4.22,178,2:58,Italian,Luchino Visconti,1960,"Drama,Crime",Italy,2444,15829,"Alain Delon,Renato Salvatori,Annie Girardot,Katina Paxinou,Alessandra Panaro,Spiros Focás,Max Cartier,Corrado Pani,Rocco Vidolazzi,Claudia Mori,Adriana Asti,Enzo Fiermonte,Nino Castelnuovo"
Nobody Knows,4.22,141,2:21,Japanese,Hirokazu Kore-eda,2004,Drama,Japan,4857,27472,"Yuya Yagira,Ayu Kitaura,Hiei Kimura,Momoko Shimizu,Hanae Kan,YOU,Ryo Kase,Kazuyoshi Kushida,Yukiko Okamoto,Sei Hiraizumi,Takako Tate,Yuichi Kimura,Kenichi Endo,Susumu Terajima,Shinichi Hashizawa"
Good Will Hunting,4.22,127,2:07,English,Gus Van Sant,1997,Drama,USA,43416,566480,"Matt Damon,Robin Williams,Ben Affleck,Stellan Skarsgård,Minnie Driver,Casey Affleck,Cole Hauser,Vik Sahay,John Mighton,Rachel Majorowski,Colleen McCauley,Matt Mercier,Ralph St. George,Rob Lynds,Dan Washington,Alison Folland,Derrick Bridgeman,Shannon Egleson,Rob Lyons"
Children of Paradise,4.22,191,3:11,French,Marcel Carné,1945,"Drama,Romance",France,1660,11410,"Arletty,Jean-Louis Barrault,Pierre Brasseur,María Casares,Marcel Herrand,Louis Salou,Pierre Renoir,Jane Marken,Gaston Modot,Fabien Loris,Marcel Pérès,Etienne Decroux,Marcelle Monthil,Louis Florencie,Habib Benglia,Rognoni,Jacques Castelot,Paul Frankeur"
The Young and the Damned,4.22,77,1:17,Spanish,Luis Buñuel,1950,"Drama,Crime",Mexico,3206,22952,"Alfonso Mejía,Estela Inda,Efraín Arauz,Miguel Inclán,Roberto Cobo,Javier Amézcua,Alma Delia Fuentes,Mário Ramírez,Jorge Pérez,Sergio Virel,Jesús García,Francisco Jambrina,Roberto Navarrete"
La Dolce Vita,4.22,176,2:56,"Italian,German,English,French",Federico Fellini,1960,"Drama,Comedy",France,7712,63678,"Marcello Mastroianni,Anita Ekberg,Anouk Aimée,Yvonne Furneaux,Magali Noël,Alain Cuny,Annibale Ninchi,Walter Santesso,Valeria Ciangottini,Riccardo Garrone,Ida Galli,Audrey McDonald,Polidor,Alain Dijon,Mino Doro,Giulio Girola,Laura Betti,Nico,Domino,Carlo Musto,Enzo Cerusico,Giulio Paradisi,Enzo Doria,Enrico Glori,Adriana Moneta,Massimo Busetti,Lex Barker,Jacques Sernas,Nadia Gray,Giuseppe Addobbati,Conte Brunoro Serego Aligheri,Gabriella Andreini,Federika André,Armando Annuale,Joan Antequera,Juan Antequero,Gianni Baghino,Nadia Balabine,Ignazio Balsamo,Remo Benedetti,Andrea Bianchi,Lars Bloch,Leonardo Botta,Ida Bracci Dorati,Ferdinando Brofferio,Giovanna Busetti,Tito Buzzo,Daniela Calvino,Tony Campanino,Fabrizio Capucci,Donato Castellaneta,Adriano Celentano,Elisabetta Cini,Giulio Citti,Leo Coleman,Nani Colombo,Mario Conocchia,Francesco Consalvo,Tiziano Cortini,Decimo Cristiani,Mario De Grenet,Andrea De Pino,Adele De Rossi,Donatella Della Nora,Christine Denise,Katherine Denise,Carlo Di Maggio,François Dieudonné"
Amadeus,4.22,160,2:40,"English,German,Italian,Latin",Miloš Forman,1984,"Drama,Music,History",USA,15782,161992,"F. Murray Abraham,Tom Hulce,Elizabeth Berridge,Roy Dotrice,Simon Callow,Christine Ebersole,Jeffrey Jones,Barbara Bryne,Cynthia Nixon,Douglas Seale,Charles Kay,Kenny Baker,Martin Cavina,Roderick Cook,Milan Demjanenko,Peter DiGesu,Patrick Hines,Nicholas Kepros,Philip Lenkowsky,Lisbeth Bartlett,Richard Frank,Herman Meckler,Jonathan Moore,Brian Pettifer,Vincent Schiavelli,John Strauss"
The Wages of Fear,4.22,153,2:33,"French,English,Spanish,Italian,German",Henri-Georges Clouzot,1953,"Drama,Adventure,Thriller",France,4026,25495,"Yves Montand,Charles Vanel,Peter van Eyck,Folco Lulli,Véra Clouzot,Antonio Centa,Luis De Lima,Jo Dest,Darío Moreno,William Tubbs,Darling Légitimus,Grégoire Gromoff,Joseph Palau-Fabre,François Valorbe,Pat Hurst"
The Night of the Hunter,4.22,93,1:33,English,Charles Laughton,1955,"Drama,Thriller,Crime",USA,15329,81532,"Robert Mitchum,Shelley Winters,Lillian Gish,James Gleason,Evelyn Varden,Peter Graves,Don Beddoe,Billy Chapin,Sally Jane Bruce,Gloria Castillo,James Griffith,Gloria Pall"
Burning Days,4.22,128,2:08,Turkish,Emin Alper,2022,"Thriller,Drama,Crime",Croatia,2539,11902,"Selahattin Paşalı,Ekin Koç,Selin Yeninci,Erol Babaoğlu,Erdem Şenocak,Sinan Demirer,Nizam Namidar,Ali Seçkiner Alıcı,Eylül Ersöz,Onur Gürçay,Mehmet Kervancı,Hatice Aslan,İsmail Bahadır Peker,Enver Husrevoglu,Emin Alper"
Still Walking,4.22,114,1:54,Japanese,Hirokazu Kore-eda,2008,"Family,Drama",Japan,5415,27129,"Hiroshi Abe,Kirin Kiki,Yui Natsukawa,Yoshio Harada,YOU,Kazuya Takahashi,Hotaru Nomoto,Ryôga Hayashi,Shohei Tanaka,Susumu Terajima"
Akira,4.21,124,2:04,Japanese,Katsuhiro Otomo,1988,"Science Fiction,Action,Animation",Japan,36751,275389,"Mitsuo Iwata,Nozomu Sasaki,Mami Koyama,Tessyo Genda,Kōichi Kitamura,Yuriko Fuchizaki,Masaaki Ôkura,Takeshi Kusao,Kazuhiro Kamifuji,Tatsuhiko Nakamura,Fukue Itô,Yuka Ôno,Hiroshi Ôtake,Kazumi Tanaka,Masato Hirano,Masayuki Katô,Michihiro Ikemizu,Tarô Arakawa"
Children of Men,4.21,109,1:49,English,Alfonso Cuarón,2006,"Action,Thriller,Science Fiction,Drama",UK,30471,307707,"Clive Owen,Julianne Moore,Clare-Hope Ashitey,Michael Caine,Chiwetel Ejiofor,Pam Ferris,Charlie Hunnam,Danny Huston,Peter Mullan,Oana Pellea,Jacek Koman,Phaldut Sharma,Juan Gabriel Yacuzzi,Mishal Husain,Rob Curling,Maria McErlane,Michael Haughey,Tehmina Sunny,Michael Klesic,Ilario Bisi-Pedro,Caroline Lena Olsson,Dhafer L'Abidine,Jon Chevalier,Rita Davies,Kim Fenton,Chris Gilbert,Phoebe Hawthorne,Rebecca Howard,Atalanta White,Laurence Woodbridge"
Napoleon,4.21,333,5:33,No spoken language,Abel Gance,1927,"War,History,Drama",France,1341,6648,"Albert Dieudonné,Vladimir Roudenko,Edmond van Daële,Alexandre Koubitzky,Antonin Artaud,Abel Gance,Gina Manès,Suzanne Bianchetti,Marguerite Gance,Yvette Dieudonné,Eugénie Buffet,Nicolas Koline,Henri Baudin,Daniel Buiret,Georges Cahuzac,Adrien Caillard,Roger Blum,Max Maxudian,Philippe Hériat,Pierre Batcheff,Acho Chakatouny,Annabella,Alex Bernard"
Brief Encounter,4.21,86,1:26,English,David Lean,1945,"Romance,Drama",UK,9000,39713,"Celia Johnson,Trevor Howard,Stanley Holloway,Joyce Carey,Cyril Raymond,Everley Gregg,Marjorie Mars,Margaret Barton,Wilfred Babbage,Alfie Bass,Wallace Bosco,Sydney Bromley,Noël Coward,Valentine Dyall,Irene Handl,Dennis Harkin,Avis Scott"
Modern Times,4.21,87,1:27,No spoken language,Charlie Chaplin,1936,"Comedy,Drama",USA,10511,111625,"Charlie Chaplin,Paulette Goddard,Henry Bergman,Tiny Sandford,Chester Conklin,Hank Mann,Stanley Blystone,Al Ernest Garcia,Richard Alexander,Cecil Reynolds,Mira McKinney,Murdock MacQuarrie,Wilfred Lucas,Edward LeSaint,Fred Malatesta"
Terminator 2: Judgment Day,4.21,137,2:17,"English,Spanish",James Cameron,1991,"Thriller,Action,Science Fiction",France,26615,335759,"Arnold Schwarzenegger,Linda Hamilton,Edward Furlong,Robert Patrick,Joe Morton,Earl Boen,S. Epatha Merkerson,Castulo Guerra,Danny Cooksey,Jenette Goldstein,Xander Berkeley,Leslie Hamilton Gearren,Ken Gibbel,Robert Winley,Pete Schrum,Shane Wilder,Michael Edwards,Jared Lounsbery,Casey Chavez,Ennalls Berl,Don Lake,Richard Vidan,Tom McDonald,Jim Palmer,Gus Williams"
We All Loved Each Other So Much,4.21,124,2:04,Italian,Ettore Scola,1974,"Comedy,Drama",Italy,746,6635,"Nino Manfredi,Vittorio Gassman,Stefania Sandrelli,Stefano Satta Flores,Giovanna Ralli,Aldo Fabrizi,Marcella Michelangeli,Elena Fabrizi,Fiammetta Baralla,Dino Curcio,Isa Barzizza"
The Great Dictator,4.21,125,2:05,"English,Esperanto",Charlie Chaplin,1940,"War,Comedy",USA,7684,79283,"Charlie Chaplin,Jack Oakie,Reginald Gardiner,Henry Daniell,Billy Gilbert,Grace Hayle,Carter DeHaven,Paulette Goddard,Maurice Moscovitch,Emma Dunn,Bernard Gorcey,Paul Weigel,Chester Conklin,Esther Michelson,Hank Mann,Florence Wright,Eddie Gribbon,Rudolph Anders,Eddie Dunn,Nita Pike,George Lynn,Wheeler Dryden,Fred Aldrich,Richard Alexander"
Raise the Red Lantern,4.21,125,2:05,Chinese,Zhang Yimou,1991,Drama,China,3002,21965,"Gong Li,Ma Jingwu,He Saifei,Cao Cuifen,Kong Lin,Shuyuan Jin,Chu Xiao,Ding Weimin,Cao Zengyin,Cui Zhi-Gang,Li Baotian,Xu Wei,Espérance Pham Thai Lan"
To Be or Not to Be,4.21,99,1:39,"English,German",Ernst Lubitsch,1942,"War,Comedy",USA,4996,27664,"Carole Lombard,Jack Benny,Robert Stack,Felix Bressart,Lionel Atwill,Stanley Ridges,Sig Ruman,Tom Dugan,Charles Halton,George Lynn,Henry Victor,Maude Eburne,Halliwell Hobbes,Miles Mander,Rudolph Anders,Paul Barrett,Sven Hugo Borg,Danny Borzage,Buster Brodie,Peter Caldwell"
Ritual,4.21,128,2:08,Japanese,Hideaki Anno,2000,Drama,Japan,2287,8021,"Shunji Iwai,Ayako Fujitani,Jun Murakami,Shinobu Otake,Suzuki Matsuo,Megumi Hayashibara"
Chinatown,4.21,130,2:10,"English,Spanish,Cantonese",Roman Polanski,1974,"Crime,Drama,Mystery,Thriller",USA,23873,194119,"Jack Nicholson,Faye Dunaway,John Huston,Perry Lopez,John Hillerman,Diane Ladd,Roman Polanski,Roy Jenson,Richard Bakalyan,James Hong,Bruce Glover,Joe Mantell,Roy Roberts,Noble Willingham,Rance Howard,Jesse Vint,Burt Young"
Moonlight,4.21,111,1:51,English,Barry Jenkins,2016,Drama,UK,59592,604909,"Trevante Rhodes,André Holland,Janelle Monáe,Ashton Sanders,Jharrel Jerome,Alex Hibbert,Jaden Piner,Naomie Harris,Mahershala Ali,Shariff Earp,Duan Sanderson,Herman 'Caheej' McGloun,Kamal Ani-Bellow,Keomi Givens,Eddie Blanchard,Rudi Goblen"
The Departed,4.2,151,2:31,"English,Cantonese",Martin Scorsese,2006,"Thriller,Drama,Crime",Hong Kong,42507,501143,"Jack Nicholson,Leonardo DiCaprio,Matt Damon,Mark Wahlberg,Vera Farmiga,Martin Sheen,Ray Winstone,Anthony Anderson,Alec Baldwin,Kevin Corrigan,James Badge Dale,David O'Hara,Robert Wahlberg,Kristen Dalton,Thomas B. Duffy,Richard Hughes,Chance Kelly,Larry Mitchell,Mark Rolston,J. C. MacKenzie,Mary Klug,Robert 'Toshi' Kar Yuen Chan,Peg Holzemer,Gurdeep Singh,Armen Garo,John Cenatiempo,Brian Smyj,William Severs,Douglas Crosby,Dorothy Lyman,Audrie Neenan"
Witness for the Prosecution,4.2,116,1:56,"English,German",Billy Wilder,1957,"Drama,Crime,Mystery",USA,5567,37191,"Charles Laughton,Tyrone Power,Marlene Dietrich,Elsa Lanchester,John Williams,Ian Wolfe,Torin Thatcher,Norma Varden,Henry Daniell,Una O'Connor,Francis Compton,Philip Tonge,Ruta Lee,Bess Flowers,Leoda Richards,Patrick Aherne,Eddie Baker,Brandon Beach,Colin Kenny,Fred Rapport"
Z,4.2,127,2:07,"French,Russian",Costa-Gavras,1969,"Drama,Thriller,History",Algeria,3468,19850,"Yves Montand,Irene Papas,Jean-Louis Trintignant,Jacques Perrin,Charles Denner,François Périer,Bernard Fresson,Pierre Dux,Georges Géret,Magali Noël,Marcel Bozzuffi,Julien Guiomar,Renato Salvatori,Jean Bouise"
Taste of Cherry,4.2,99,1:39,Persian (Farsi),Abbas Kiarostami,1997,Drama,France,12488,61782,"Homayoun Ershadi,Abdolrahman Bagheri,Afshin Khorshid Bakhtiari,Safar Ali Moradi,Mir Hossein Noori,Ahmad Ansari"
Fargo,4.2,98,1:38,English,Joel Coen,1996,"Drama,Crime,Thriller",UK,45584,451023,"Frances McDormand,William H. Macy,Steve Buscemi,Peter Stormare,John Carroll Lynch,Harve Presnell,Kristin Rudrüd,Bruce Bohne,Steve Reevis,Steve Park,Gary Houston,Sally Wingert,Larissa Kokernot,Melissa Peterman"
"Argentina, 1985",4.2,141,2:21,Spanish,Santiago Mitre,2022,Drama,Argentina,10679,39903,"Ricardo Darín,Peter Lanzani,Alejandra Flechner,Paula Ransenberg,Carlos Portaluppi,Antonia Bengoechea,Laura Paredes,Brian Sichel,Norman Briski,Héctor Díaz,Alejo Garcia Pintos,Claudio Da Passano,Gina Mastronicola,Francisco Bertín,Santiago Armas Estevarena"
Star Wars,4.2,121,2:01,English,George Lucas,1977,"Adventure,Action,Science Fiction",USA,62608,804129,"Mark Hamill,Harrison Ford,Carrie Fisher,Peter Cushing,Alec Guinness,Anthony Daniels,Kenny Baker,Peter Mayhew,David Prowse,James Earl Jones,Phil Brown,Shelagh Fraser,Jack Purvis,Alex McCrindle,Eddie Byrne,Drewe Henley,Denis Lawson,Garrick Hagon,Jack Klaff,William Hootkins,Angus MacInnes,Jeremy Sinden,Graham Ashley,Don Henderson,Richard LeParmentier,Leslie Schofield,Michael Leader,David Ankrum,Scott Beach,Lightning Bear,Jon Berg,Doug Beswick,Paul Blake,Janice Burchette,Ted Burnett,John Chapman,Gilda Cohen,Tim Condren,Barry Copping,Alfie Curtis,Robert Davies,Maria De Aragon"
Nostalgia,4.2,126,2:06,"Russian,Italian",Andrei Tarkovsky,1983,"Romance,Drama",Italy,4726,32658,"Oleg Yankovskiy,Erland Josephson,Domiziana Giordano,Patrizia Terreno,Laura De Marchi,Delia Boccardo,Milena Vukotić,Raffaele Di Mario,Rate Furlan,Livio Galassi,Elena Magoia,Piero Vida,Lia Tanzi,Sergio Fiorentini"
La Notte,4.2,122,2:02,Italian,Michelangelo Antonioni,1961,"Romance,Drama",Italy,5086,31502,"Marcello Mastroianni,Jeanne Moreau,Monica Vitti,Bernhard Wicki,Rosy Mazzacurati,Maria Pia Luzi,Guido A. Marsan,Vittorio Bertolini,Vincenzo Corbella,Ugo Fortunati,Gitt Magrini,Giorgio Negro,Roberta Speroni,Umberto Eco"
Get Out,4.2,104,1:44,English,Jordan Peele,2017,"Thriller,Horror,Mystery",USA,100586,1260178,"Daniel Kaluuya,Allison Williams,Catherine Keener,Bradley Whitford,Caleb Landry Jones,Marcus Henderson,Betty Gabriel,Lakeith Stanfield,Stephen Root,Lil Rel Howery,Ashley LeConte Campbell,John Wilmot"
My Neighbor Totoro,4.2,86,1:26,Japanese,Hayao Miyazaki,1988,"Family,Fantasy,Animation",Japan,54427,505045,"Noriko Hidaka,Noriko Hidaka,Chika Sakamoto,Shigesato Itoi,Sumi Shimamoto,Tanie Kitabayashi,Masashi Hirose,Yûko Maruyama,Shigeru Chiba,Toshiyuki Amagasa"
Aparajito,4.2,110,1:50," Bangla,Bengali, Bangla,English",Satyajit Ray,1956,"Drama,History",India,2251,14041,"Kanu Bannerjee,Karuna Banerjee,Smaran Ghosal,Pinaki Sengupta,Santi Gupta,Ramani Sengupta,Ranibala,Sudipta Roy,Ajay Mitra,Charuprakash Ghosh,Subodh Ganguli"
Mulholland Drive,4.2,147,2:27,"English,Spanish",David Lynch,2001,"Thriller,Mystery,Drama",France,61676,345292,"Naomi Watts,Laura Harring,Justin Theroux,Ann Miller,Mark Pellegrino,Robert Forster,Brent Briscoe,Dan Hedaya,Angelo Badalamenti,Monty Montgomery,Lee Grant,James Karen,Chad Everett,Richard Green,Rebekah Del Rio,Melissa George,Jeanne Bates,Dan Birnbaum,Lori Heuring,Marcus Graham,Michael J. Anderson,Patrick Fischler,Michael Cooke,Bonnie Aarons,Geno Silva,Billy Ray Cyrus,Vincent Castellanos,Wayne Grace"
To Live,4.2,133,2:13,"Chinese,Kazakh",Zhang Yimou,1994,"Drama,War,Romance",China,1247,10354,"Ge You,Gong Li,Niu Ben,Jiang Wu,Huang Zong Luo,Guo Tao,Ni Dahong,Liu Tianchi,Xiao Cong,Zhang Lu,Dong Fei,Liu Yanjin,Li Lianyi,Zhang Kang,Zhao Yuxiu,Sophie Su Yan,Ding Jianjun"
Back to the Future,4.2,116,1:56,English,Robert Zemeckis,1985,"Adventure,Comedy,Science Fiction",USA,43914,749343,"Michael J. Fox,Christopher Lloyd,Lea Thompson,Crispin Glover,Thomas F. Wilson,Claudia Wells,Marc McClure,Wendie Jo Sperber,George DiCenzo,Frances Lee McCain,James Tolkan,J.J. Cohen,Casey Siemaszko,Billy Zane,Harry Waters, Jr.,Donald Fullilove,Lisa Freeman,Cristen Kauffman,Elsa Raven,Will Hare,Ivy Bethune,Jason Marin,Katherine Britton"
"Jeanne Dielman, 23, quai du Commerce, 1080 Bruxelles",4.19,202,3:22,French,Chantal Akerman,1975,Drama,Belgium,9914,31798,"Delphine Seyrig,Jan Decorte,Henri Storck,Jacques Doniol-Valcroze,Yves Bical,Chantal Akerman"
The Lion King,4.2,89,1:29,English,Roger Allers,1994,"Drama,Family,Animation",USA,21349,615004,"Matthew Broderick,James Earl Jones,Jeremy Irons,Rowan Atkinson,Moira Kelly,Whoopi Goldberg,Cheech Marin,Jim Cummings,Robert Guillaume,Nathan Lane,Ernie Sabella,Madge Sinclair"
The Third Man,4.2,104,1:44,"English,Russian,German",Carol Reed,1949,"Thriller,Mystery",UK,12089,83945,"Joseph Cotten,Alida Valli,Orson Welles,Trevor Howard,Paul Hörbiger,Ernst Deutsch,Erich Ponto,Siegfried Breuer,Hedwig Bleibtreu,Bernard Lee,Wilfrid Hyde-White,Alexis Chesnakov,Thomas Gallagher,Herbert Halbik"
The Life and Death of Colonel Blimp,4.2,163,2:43,"English,French,German",Emeric Pressburger,1943,"Romance,War,History,Drama",UK,2551,12806,"Roger Livesey,Deborah Kerr,Adolf Wohlbrück,Roland Culver,James McKechnie,Arthur Wontner,David Hutcheson,Ursula Jeans,John Laurie,Harry Welchman,Robert Harris,A.E. Matthews,Theodore Zichy,Jane Millican"
Taxi Driver,4.19,114,1:54,"English,Spanish",Martin Scorsese,1976,"Drama,Crime",USA,79979,708158,"Robert De Niro,Jodie Foster,Albert Brooks,Harvey Keitel,Leonard Harris,Peter Boyle,Cybill Shepherd,Diahnne Abbott,Frank Adu,Victor Argo,Gino Ardito,Garth Avery,Harry Cohn,Cooper Cunningham,Brenda Dickson,Harry Fischler,Nat Grant,Richard Higgs,Beau Kayser,Victor Magnotta,Bob Maroff,Norman Matlock"
Fallen Angels,4.19,98,1:38,"Cantonese,Chinese,English,Japanese",Wong Kar-wai,1995,"Action,Romance,Crime",Hong Kong,42405,176760,"Leon Lai,Charlie Yeung,Takeshi Kaneshiro,Karen Mok,Michelle Reis,Chan Man-Lei,Toru Saito,Benz Kong To-Hoi,Chan Fai-hung,Kwan Lee-na,Wu Yuk-Ho"
The Hunt,4.19,116,1:56,"Danish,Polish,English",Thomas Vinterberg,2012,Drama,Belgium,22632,182270,"Mads Mikkelsen,Thomas Bo Larsen,Annika Wedderkopp,Lasse Fogelstrøm,Susse Wold,Anne Louise Hassing,Lars Ranthe,Alexandra Rapaport,Sebastian Bull Sarning,Steen Ordell Guldbrandsen,Daniel Engstrup,Troels Thorsen,Søren Rønholt,Hana Shuan"
Underground,4.19,170,2:50,"Serbian,French,German",Emir Kusturica,1995,"Drama,War,Comedy",Bulgaria,1681,15432,"Miki Manojlović,Lazar Ristovski,Mirjana Joković,Slavko Štimac,Ernst Stötzner,Srđan Todorović,Mirjana Karanović,Milena Pavlović,Danilo ""Bata"" Stojković,Borivoje Todorović,Davor Dujmović,Nele Karajlic,Branislav Lečić,Dragan Nikolić"
Django Unchained,4.19,165,2:45,"English,French,German",Quentin Tarantino,2012,"Western,Drama",USA,55406,955270,"Jamie Foxx,Christoph Waltz,Leonardo DiCaprio,Kerry Washington,Samuel L. Jackson,Walton Goggins,Dennis Christopher,James Remar,David Steen,Dana Gourrier,Nichole Galicia,Laura Cayouette,Ato Essandoh,Sammi Rotibi,Clay Donahue Fontenot,Escalante Lundy,Miriam F. Glover,Don Johnson,Franco Nero,James Russo,Tom Wopat,Don Stroud,Amber Tamblyn,Bruce Dern,M.C. Gainey,Cooper Huckabee,Doc Duhame,Jonah Hill,Lee Horsley,Zoë Bell,Michael Bowen,Robert Carradine,Jake Garber,Ted Neeley,James Parks,Tom Savini,Michael Parks,John Jarratt,Quentin Tarantino,Amari Cheatom,Keith Jefferson,Marcus Henderson,Lil Chuuch,Kinetic,Louise Stratten"
Opening Night,4.19,144,2:24,English,John Cassavetes,1977,Drama,USA,4736,20565,"Gena Rowlands,John Cassavetes,Ben Gazzara,Joan Blondell,Paul Stewart,Zohra Lampert,Laura Johnson,John Tuell,Ray Powers,John P. Finnegan,Louise Lewis,Fred Draper,Katherine Cassavetes"
Vertigo,4.19,128,2:08,English,Alfred Hitchcock,1958,"Thriller,Mystery,Romance",USA,34743,296134,"James Stewart,Kim Novak,Barbara Bel Geddes,Tom Helmore,Henry Jones,Raymond Bailey,Ellen Corby,Konstantin Shayne,Lee Patrick,Bess Flowers,Alfred Hitchcock,David Ahdar,Sara Taft"
Shoplifters,4.19,121,2:01,Japanese,Hirokazu Kore-eda,2018,Drama,Japan,22519,150362,"Lily Franky,Sakura Ando,Mayu Matsuoka,Jyo Kairi,Miyu Sasaki,Kirin Kiki,Sosuke Ikematsu,Naoto Ogata,Yôko Moriguchi,Yuki Yamada,Moemi Katayama,Kengo Kora,Chizuru Ikewaki,Akira Emoto,Aju Makita,Hajime Inoue,Haruna Hori,Nana Mizoguchi"
Once Upon a Time in America,4.19,229,3:49,"English,French,Hebrew (modern),Italian,Yiddish",Sergio Leone,1984,"Drama,Crime",USA,11184,107323,"Robert De Niro,James Woods,Elizabeth McGovern,Joe Pesci,Tuesday Weld,Jennifer Connelly,Burt Young,Treat Williams,Danny Aiello,Richard Bright,James Hayden,William Forsythe,Darlanne Fluegel,Larry Rapp,Olga Karlatos,Frank Gio,Scott Schutzman Tiler,Rusty Jacobs,Brian Bloom,Mike Monetti,Adrian Curran,Julie Cohen,Noah Moazezi,James Russo,Clem Caserta,Frank Sisto,Jerry Strivelli,Mike Gendel,Sandra Solberg,Margherita Pace,Paul Herman,Bruno Iannone,Bruno Bilotta,Ray Dittrich"
Il Sorpasso,4.19,105,1:45,"Italian,German,Latin",Dino Risi,1962,"Comedy,Drama",Italy,1818,12097,"Vittorio Gassman,Jean-Louis Trintignant,Catherine Spaak,Claudio Gora,Luciana Angiolillo,Linda Sini,Franca Polesello,Bruna Simionato,Lilly Darelli,Mila Stanić,Nando Angelini,Edda Ferronao,Luigi Zerbinati,John Francis Lane,Annette Stroyberg,Jacques Stany,Paola Gassman,Aldo Gianni"
The Big City,4.19,136,2:16," Bangla,Bengali, Bangla,English",Satyajit Ray,1963,Drama,India,1323,6657,"Anil Chatterjee,Madhabi Mukherjee,Jaya Bachchan,Haren Chatterjee,Sefalika Devi,Prasenjit Sarkar,Haradhan Bandopadhyay,Vicky Redwood,Shyamal Ghoshal,Gitali Roy,Tapan Chatterjee,Bibhuti Bhushan Banerjee,Manisha Chakraborty,Arun Chowdhury,Pritish Dey,Shailen Ganguli"
Manila in the Claws of Light,4.19,127,2:07,"Tagalog,English",Lino Brocka,1975,"Drama,Mystery",Philippines,1750,7286,"Bembol Roco,Lou Salvador Jr.,Tommy Abuel,Lily Gamboa Mendoza,Joonee Gamboa,Pio De Castro III,Joe Jardi,Spanky Manikan,Danilo Posadas,Pancho Pelagio,Bobby Roldan,Jerry O'Hara,Rudy Hermano,Rikki Jimenez,Chiqui Xerxes-Burgos,Tommy Yap,Juling Bagabaldo,Joe Gruta,Nina Lorenzo,Mely Mallari"
Your Name.,4.19,106,1:46,Japanese,Makoto Shinkai,2016,"Drama,Animation,Romance",Japan,45463,402021,"Ryunosuke Kamiki,Mone Kamishiraishi,Ryo Narita,Aoi Yuki,Nobunaga Shimazaki,Kaito Ishikawa,Kanon Tani,Masaki Terasoma,Sayaka Ohara,Kazuhiko Inoue,Chafurin,Yuka Kato,Kana Hanazawa,Shinya Hamazoe,Masami Nagasawa,Etsuko Ichihara,Yuka Terasaki"
Paddington 2,4.19,104,1:44,English,Paul King,2017,"Comedy,Family,Adventure",France,52407,209313,"Ben Whishaw,Hugh Bonneville,Sally Hawkins,Samuel Joslin,Madeleine Harris,Julie Walters,Brendan Gleeson,Hugh Grant,Peter Capaldi,Jim Broadbent,Simon Farnaby,Imelda Staunton,Michael Gambon,Ben Miller,Sanjeev Bhaskar,Joanna Lumley,Richard Ayoade,Nicholas Woodeson,Tom Conti,Eileen Atkins,Marie-France Alvarez,Jessica Hynes,Noah Taylor,Shola Adewusi"
Raging Bull,4.19,129,2:09,English,Martin Scorsese,1980,"History,Drama",USA,23659,201755,"Robert De Niro,Cathy Moriarty,Joe Pesci,Frank Vincent,Nicholas Colasanto,Theresa Saldana,Mario Gallo,John Turturro,Joseph Bono,Frank Adonis,Charles Scorsese,Rita Bennett,Bernie Allen,Gene LeBell,Victor Magnotta,Shay Duffin,Jack Lotz,Kevin Breslin,Coley Wallace,Fred Dennis,Harvey Parry,Michael Badalucco"
Metropolis,4.19,149,2:29,No spoken language,Fritz Lang,1927,"Drama,Science Fiction",Germany,11805,104880,"Gustav Fröhlich,Brigitte Helm,Alfred Abel,Rudolf Klein-Rogge,Theodor Loos,Fritz Rasp,Erwin Biswanger,Heinrich George,Fritz Alberti,Grete Berger,Olly Boeheim,Heinrich Gotho,Gottfried Huppertz,Georg John"
Make Way for Tomorrow,4.18,92,1:32,English,Leo McCarey,1937,"Drama,Romance",USA,2653,11196,"Victor Moore,Beulah Bondi,Fay Bainter,Thomas Mitchell,Porter Hall,Barbara Read,Maurice Moscovitch,Elisabeth Risdon,Minna Gombell,Louise Beavers,Ray Mayer,Ralph Remley,Louis Jean Heydt,Gene Morgan,Granville Bates,Ethel Clayton,Ellen Drew,Leo McCarey,Dennis O'Keefe,Joseph North,Francis Sayles,Ferike Boros"
Happy Together,4.18,96,1:36,"Chinese,Cantonese,Spanish",Wong Kar-wai,1997,"Drama,Romance",Argentina,21674,90164,"Tony Leung Chiu-wai,Leslie Cheung,Chang Chen,Gregory Dayton,Wong Man-Chun,Ho Chi-Moon,Law Shu-Kei,Shirley Kwan"
The Cremator,4.18,101,1:41,Czech,Juraj Herz,1969,"Horror,Comedy,Drama",Czechoslovakia,3638,16430,"Rudolf Hrušínský,Vlasta Chramostová,Jana Stehnová,Miloš Vognič,Ilja Prachař,Zora Božinová,Eduard Kohout,Jiří Lír,Dimitri Rafalsky,Jan Vlček,Václav Halama,Jiří Hálek,Václav Kotva,Míla Myslíková,Vladimír Menšík,Jiří Menzel,Václav Štekl,Nataša Gollová,Jindřich Narenta,Helena Anýžová,Jana Šulcová,Jan Řeřicha,Oldřich Vízner,Carmen Mayerová,Libuše Pešková,Růžena Vlčková,Marie Rosůlková,Věra Vlčková,Eva Ulincová,Rudolf Iltis,Josef Střecha,B. Mandausová,František Kubíček,Erich Fichtner,J. Hladký,Jiřina Bílá,Jan Kraus,Alfred Růžička,H. Absolonová,Alena Balejová,M. Baumrukerová,S. Brabcová,E. Brázdová,V. Handlová"
The Truman Show,4.18,103,1:43,"English,Spanish",Peter Weir,1998,"Comedy,Drama",USA,76793,995352,"Jim Carrey,Laura Linney,Noah Emmerich,Natascha McElhone,Ed Harris,Holland Taylor,Paul Giamatti,Brian Delate,Peter Krause,Blair Slater,Heidi Schanz,Una Damon,Krista Lynn Landolfi,O-Lan Jones,Ron Taylor,Don Taylor,Ted Raymond,Harry Shearer,Jeanette Miller,Philip Glass,Joe Minjares,Philip Baker Hall,John Pleshette,Terry Camilleri,Joel McKinnon Miller,Judy Clayton,Fritz Dominique,Angel Schmiedt"
Once Upon a Time in Anatolia,4.18,157,2:37,Turkish,Nuri Bilge Ceylan,2011,"Drama,Crime",Bosnia and Herzegovina,2745,29177,"Muhammet Uzuner,Yılmaz Erdoğan,Taner Birsel,Ahmet Mümtaz Taylan,Fırat Tanış,Ercan Kesal,Cansu Demirci,Erol Eraslan,Murat Kılıç,Şafak Karali,Emre Şen,Nihan Okutucu,Kubilay Tunçer,Salih Ünal,Aziz İzzet Biçici"
Happy Hour,4.19,317,5:17,Japanese,Ryusuke Hamaguchi,2015,Drama,Japan,2096,7108,"Sachie Tanaka,Hazuki Kikuchi,Maiko Mihara,Rira Kawamura,Hiromi Demura,Shoko Fukunaga,Yuichiro Ito,Hiroyuki Miura,Hajime Sakasho,Shuhei Shibata,Ayaka Shibutani,Reina Shiihashi,Yoshio Shin,Yasunobu Tanabe,Ayumu Tonoi,Yoshitaka Zahana,Ryusuke Hamaguchi"
A Matter of Life and Death,4.18,104,1:44,"English,French,Russian",Emeric Pressburger,1946,"Comedy,Fantasy,Romance,Drama",UK,4404,20574,"David Niven,Kim Hunter,Marius Goring,Kathleen Byron,Richard Attenborough,Robert Coote,Bonar Colleano,Joan Maude,Roger Livesey,Robert Atkins,Edwin Max,Betty Potter,Abraham Sofaer,Raymond Massey,Lois Maxwell"
Sweet Smell of Success,4.18,97,1:37,English,Alexander Mackendrick,1957,Drama,USA,6716,30362,"Burt Lancaster,Tony Curtis,Susan Harrison,Martin Milner,Jeff Donnell,Sam Levene,Joe Frisco,Barbara Nichols,Emile Meyer,Edith Atwater,Jay Adler,Mary Bayless,Nicky Blair,Nick Borgani,Ralph Brooks,Brad Brown,Steve Carruthers,Robert Carson,Lewis Charles,Dick Cherney,Buddy Clark,Paul Cristo,Joe Di Reda,Lawrence Dobkin,Tom Ferrandini,John Fiedler,Bess Flowers,William Forrest"
The Treasure of the Sierra Madre,4.18,126,2:06,English,John Huston,1948,"Adventure,Drama,Western",USA,5972,43402,"Humphrey Bogart,Walter Huston,Tim Holt,Bruce Bennett,Barton MacLane,Alfonso Bedoya,Arturo Soto Rangel,Manuel Dondé,José Torvay,Margarito Luna,Robert Blake,Guillermo Calles,Roberto Cañedo"
Inception,4.18,148,2:28,"English,Japanese,Swahili",Christopher Nolan,2010,"Science Fiction,Action,Adventure",UK,77745,1240717,"Leonardo DiCaprio,Joseph Gordon-Levitt,Ken Watanabe,Tom Hardy,Elliot Page,Dileep Rao,Cillian Murphy,Tom Berenger,Marion Cotillard,Pete Postlethwaite,Michael Caine,Lukas Haas,Talulah Riley,Tohoru Masamune,Taylor Geare,Claire Geare,Johnathan Geare,Yuji Okumoto,Earl Cameron,Ryan Hayward,Miranda Nolan"
Heat,4.18,170,2:50,"English,Spanish",Michael Mann,1995,"Drama,Thriller,Crime,Action",USA,42071,272869,"Al Pacino,Robert De Niro,Val Kilmer,Jon Voight,Tom Sizemore,Diane Venora,Amy Brenneman,Ashley Judd,Kevin Gage,Mykelti Williamson,Wes Studi,Ted Levine,Natalie Portman,Danny Trejo,William Fichtner,Hank Azaria,Dennis Haysbert,Tom Noonan,Susan Traylor,Kim Staunton,Henry Rollins,Jerry Trimble,Martin Ferrero,Ricky Harris,Tone Loc,Begonya Plaza,Hazelle Goodman,Ray Buktenica,Jeremy Piven,Xander Berkeley,Rick Avery,Brad Baldridge,Andrew Camuccio,Brian Camuccio"
Double Indemnity,4.18,107,1:47,English,Billy Wilder,1944,"Crime,Thriller,Mystery,Drama",USA,15024,90964,"Fred MacMurray,Barbara Stanwyck,Edward G. Robinson,Porter Hall,Richard Gaines,Jean Heather,Tom Powers,Fortunio Bonanova,Byron Barr,John Berry,Raymond Chandler,Edmund Cobb"
The Iron Giant,4.18,86,1:26,English,Brad Bird,1999,"Animation,Science Fiction,Drama,Family",USA,19239,240275,"Eli Marienthal,Jennifer Aniston,Harry Connick Jr.,Vin Diesel,James Gammon,Cloris Leachman,Christopher McDonald,John Mahoney,M. Emmet Walsh,Jack Angel,Bob Bergen,Mary Kay Bergman,Michael Bird"
Throne of Blood,4.18,108,1:48,Japanese,Akira Kurosawa,1957,"Drama,History",Japan,9426,51983,"Toshirō Mifune,Isuzu Yamada,Takashi Shimura,Akira Kubo,Hiroshi Tachikawa,Minoru Chiaki,Takamaru Sasaki,Gen Shimizu,Kokuten Kōdō,Kichijirô Ueda,Eiko Miyoshi,Chieko Naniwa,Nakajirô Tomita,Yū Fujiki,Sachio Sakai,Shin Ôtomo"
Gangs of Wasseypur - Part 2,4.18,160,2:40,Hindi,Anurag Kashyap,2012,"Crime,Action,Thriller",India,801,8804,"Nawazuddin Siddiqui,Huma Qureshi,Richa Chadha,Rajkummar Rao,Tigmanshu Dhulia,Pankaj Tripathi,Zeishan Quadri,Manoj Bajpayee,Aditya Kumar,Piyush Mishra,Satyakam Anand,Murari Kumar"
Hope,4.17,122,2:02,Korean,Lee Joon-ik,2013,"Family,Drama",South Korea,1696,11289,"Sol Kyung-gu,Uhm Ji-won,Lee Re,Kim Sang-ho,Kim Hae-sook,Ra Mi-ran,Kwon Tae-won,Kang Shin-chul,Seo Hyun-woo,Cha Mi-kyeong,Jung Min-sung,Ahn Se-ha,Jo Bok-rae,Jo Moon-ee,Kim Ooh-jin"
I Dream in Another Language,4.18,101,1:41,Spanish,Ernesto Contreras,2017,"Fantasy,Drama",Mexico,2194,9983,"Fernando Álvarez Rebeil,Eligio Meléndez,José Manuel Poncelis,Fátima Molina,Juan Pablo de Santiago,Hoze Meléndez,Norma Angélica,Mónica Miguel,Nicolasa Ortíz Monasterio,Héctor Jiménez,José Concepción Macías,Gabriela Cartol,Juan Antonio Llanes,Mardonio Carballo"
Güeros,4.18,106,1:46,Spanish,Alonso Ruizpalacios,2014,"Drama,Comedy",Mexico,3964,17175,"Sebastián Aguirre,Tenoch Huerta Mejía,Leonardo Ortizgris,Ilse Salas,Raúl Briones,Sophie Alexander-Katz,Laura Almela,Camila Lora,Marcelo Tobar,Alfonso Charpener,Adrián Ladrón,Bernardo Velasco,Alonso Ruizpalacios,Yojath Okamoto"
Ugetsu,4.17,96,1:36,Japanese,Kenji Mizoguchi,1953,"Drama,Fantasy,Mystery",Japan,4557,29107,"Machiko Kyō,Mitsuko Mito,Kinuyo Tanaka,Masayuki Mori,Eitarō Ozawa,Sugisaku Aoyama,Mitsusaburō Ramon,Ryōsuke Kagawa,Kichijirô Ueda,Shōzō Nanbu,Kikue Mōri,Ryūzaburō Mitsuoka,Ichirô Amano,Eigorô Onoe,Saburo Date,Fumihiko Yokoyama,Ichisaburo Sawamura,Koji Murata"
"Comrades, Almost a Love Story",4.17,118,1:58,"Cantonese,English,Chinese",Peter Chan,1996,"Romance,Drama",China,2107,9400,"Leon Lai,Maggie Cheung,Kristy Yang,Christopher Doyle,Eric Tsang,Joe Cheung Tung-cho,Irene Tsu,Ding Yue,Michelle Gabriel,Crystal Chan,Jane Choi,Yu Ting,Gine Lui,Heather Traber"
Puss in Boots: The Last Wish,4.2,102,1:42,"English,Spanish",Joel Crawford,2022,"Comedy,Animation,Adventure,Family,Fantasy",USA,36407,76935,"Antonio Banderas,Salma Hayek,Harvey Guillén,Wagner Moura,Florence Pugh,Olivia Colman,Ray Winstone,Samson Kayo,John Mulaney,Da'Vine Joy Randolph,Anthony Mendez,Kevin McCann"
The Tale of the Princess Kaguya,4.17,137,2:17,Japanese,Isao Takahata,2013,"Drama,Fantasy,Animation",Japan,12941,88854,"Aki Asakura,Kengo Kora,Takeo Chii,Nobuko Miyamoto,Atsuko Takahata,Tomoko Tabata,Shinosuke Tatekawa,Takaya Kamikawa,Hikaru Ijūin,Ryûdô Uzaki,Shichinosuke Nakamura,Isao Hashizume,Tatsuya Nakadai,Yukiji Asaoka,Tamaki Kojo,Yuji Miyake,Mirai Uchida,Hiroyuki Yamamoto"
"Life, and Nothing More...",4.17,95,1:35,Persian (Farsi),Abbas Kiarostami,1992,Drama,Iran,2753,14264,"Farhad Kheradmand,Buba Bayour,Hossein Rezai,Hocine Rifahi,Ferhendeh Feydi,Mahrem Feydi,Bahrovz Aydini,Ziya Babai,Mohamed Hocine Rouhi,Ahmed Ahmed Poor,Hocine Khadem,Maassouma Berouana,Chahrbanov Chefahi,Youssef Branki"
Time of the Gypsies,4.17,142,2:22,Serbo-Croatian,Emir Kusturica,1988,"Drama,Crime,Fantasy,Comedy",Italy,990,11063,"Davor Dujmović,Borivoje Todorović,Ljubica Adzovic,Husnija Hasimovic,Sinolichka Trpkova,Zabit Memedov,Elvira Sali,Suada Karisik"
Umberto D.,4.17,91,1:31,Italian,Vittorio De Sica,1952,Drama,Italy,3582,22763,"Carlo Battisti,Maria Pia Casilio,Lina Gennari,Elena Rea,Memmo Carotenuto,Ileana Simova,Alberto Albani Barbieri,Lamberto Maggiorani,De Silva,Pasquale Campagnola,Riccardo Ferri"
RRR,4.17,185,3:05,"Telugu,English",S. S. Rajamouli,2022,"Action,Drama",India,44875,102878,"N.T. Rama Rao Jr.,Ram Charan,Alia Bhatt,Ajay Devgn,Ray Stevenson,Alison Doody,Olivia Morris,Samuthirakani,Shriya Saran,Chatrapathi Sekhar,Makrand Deshpande,Rajiv Kanakala"
Coco,4.17,105,1:45,"English,Spanish",Lee Unkrich,2017,"Fantasy,Family,Adventure,Animation,Music,Comedy",Mexico,60550,822152,"Anthony Gonzalez,Gael García Bernal,Benjamin Bratt,Alanna Ubach,Renée Victor,Jaime Camil,Alfonso Arau,Herbert Siguenza,Lombardo Boyar,Ana Ofelia Murguía,Sofía Espinosa,Dyana Ortelli,Gabriel Iglesias,Selene Luna,Natalia Cordova-Buckley,Edward James Olmos,Carla Medina,Luis Valdez,Blanca Araceli,Polo Rojas,Montse Hernandez,Octavio Solis,Cheech Marin,Salvador Reyes,John Ratzenberger,Antonio Sol,Liliana Barba Meinecke,Emmanuel Bernal,David Berón,Denise Blasor,Wilma Bonet,Alex Castillo"
Solaris,4.17,167,2:47,Russian,Andrei Tarkovsky,1972,"Drama,Mystery,Science Fiction",USSR,14479,89983,"Donatas Banionis,Natalya Bondarchuk,Jüri Järvet,Anatoliy Solonitsyn,Nikolay Grinko,Vladislav Dvorzhetsky,Georgiy Teykh,Sos Sargsyan,Olga Barnet,Tamara Ogorodnikova"
The Devils,4.17,113,1:53,English,Ken Russell,1971,"History,Drama",UK,6875,27377,"Oliver Reed,Vanessa Redgrave,Dudley Sutton,Max Adrian,Gemma Jones,Murray Melvin,Michael Gothard,Georgina Hale,Brian Murphy,Christopher Logue,Graham Armitage,John Woodvine,Andrew Faulds"
Ratatouille,4.17,111,1:51,"English,French",Brad Bird,2007,"Fantasy,Family,Comedy,Animation",USA,57598,849746,"Patton Oswalt,Ian Holm,Lou Romano,Brian Dennehy,Peter Sohn,Peter O'Toole,Brad Garrett,Janeane Garofalo,Will Arnett,Julius Callahan,James Remar"
Saving Private Ryan,4.17,169,2:49,"English,Czech,German,French",Steven Spielberg,1998,"War,History,Drama",USA,23047,461026,"Tom Hanks,Tom Sizemore,Edward Burns,Matt Damon,Barry Pepper,Adam Goldberg,Vin Diesel,Giovanni Ribisi,Ted Danson,Jeremy Davies,Paul Giamatti,Dennis Farina,Joerg Stadler,Max Martini,Dylan Bruno,Daniel Cerqueira,Demetri Goritsas,Ian Porter,Gary Sefton,Julian Spencer,Steve Griffin,William Marsh,Marc Cass,Markus Napier,Neil Finnighan,Peter Miles,Paul Garcia,Seamus McQuade,Ronald Longridge,Adam Shaw,Rolf Saxon,Corey Johnson,Loclann Aiken,John Barnett,Maclean Burke,Victor Burke"
A Face in the Crowd,4.17,125,2:05,English,Elia Kazan,1957,Drama,USA,3532,15026,"Andy Griffith,Patricia Neal,Anthony Franciosa,Walter Matthau,Lee Remick,Percy Waram,Paul McGrath,Rod Brasfield,Marshall Neilan,Alexander Kirkland,Charles Irving,Howard Smith,Kay Medford"
Little Women,4.17,135,2:15,"English,French",Greta Gerwig,2019,"History,Drama,Romance",USA,138650,734576,"Saoirse Ronan,Florence Pugh,Emma Watson,Eliza Scanlen,Laura Dern,Timothée Chalamet,Meryl Streep,Tracy Letts,Bob Odenkirk,James Norton,Louis Garrel,Jayne Houdyshell,Chris Cooper,Rafael Silva,Mason Alban,Emily Edström,Maryann Plunkett,Hadley Robinson,Lonnie Farmer,Charlotte Kinder,Ana Kayne,Edgar Damatian"
Citizen Kane,4.16,119,1:59,English,Orson Welles,1941,"Drama,Mystery",USA,39976,274452,"Orson Welles,Joseph Cotten,Dorothy Comingore,Ray Collins,George Coulouris,Agnes Moorehead,Paul Stewart,Ruth Warrick,Erskine Sanford,William Alland,Everett Sloane,Fortunio Bonanova,Gus Schilling,Philip Van Zandt,Georgia Backus,Harry Shannon,Sonny Bupp,Buddy Swan,Gregg Toland,Don Ackerman,Nat King Cole,Gino Corrado,Maurice Costello,Demetrius Alexis,Gene Coogan,Art Dupuis,Rudy Germane,Mike Lally,Walter Lawrence,John Northpole,Victor Romito,Bob Terry,William Alston,Jack Gargan,Bert Moorhouse,Carmen Laroux,Sam Ash,Buddy Messinger,Terrance Ray,Sally Corner,Walter Bacon,Herbert Corthell,Harry A. Bailey,Danny Borzage,J.J. Clark,Tom Coleman,Carl Deloro,Jack Egan,Robert Haines,Ludwig Lowry,John McCormack,Hercules Mendez,Paddy O'Flynn,Sam Rice,Don Roberts,Larry Wheat,Larry Williams,Joan Blair,Morgan Brown,Harry Burkhardt,Edmund Cobb"
Network,4.17,122,2:02,English,Sidney Lumet,1976,Drama,USA,13575,83286,"Peter Finch,Faye Dunaway,William Holden,Robert Duvall,Beatrice Straight,Wesley Addy,Ned Beatty,Arthur Burghardt,Bill Burrows,John Carpenter,Jordan Charney,Kathy Cronkite,Ed Crowley,Jerome Dempsey,Conchata Ferrell,Gene Gross,Stanley Grover"
Raiders of the Lost Ark,4.16,115,1:55,"English,Spanish,German,Hebrew (modern),Arabic,Nepali",Steven Spielberg,1981,"Adventure,Action",USA,34150,444788,"Harrison Ford,Karen Allen,Paul Freeman,John Rhys-Davies,Ronald Lacey,Wolf Kahler,Anthony Higgins,Denholm Elliott,Alfred Molina,Vic Tablian,Don Fellows,William Hootkins,George Harris,Fred Sorenson,Anthony Chinn,Eddie Tagoe,Bill Reimbold,Patrick Durkin,Matthew Scurfield,Malcolm Weaver"
Samurai Rebellion,4.16,121,2:01,Japanese,Masaki Kobayashi,1967,"Drama,Action",Japan,1617,9807,"Toshirō Mifune,Yōko Tsukasa,Gō Katō,Tatsuyoshi Ehara,Etsuko Ichihara,Isao Yamagata,Tatsuya Nakadai,Shigeru Kôyama,Michiko Otsuka,Tatsuo Matsumura,Masao Mishima,Jun Hamamura,Takamaru Sasaki,Hideo Fukuhara,Tetsuko Kobayashi,Hisano Yamaoka,Yoshirô Aoki"
Winter Sleep,4.16,196,3:16,"Turkish,English",Nuri Bilge Ceylan,2014,Drama,Turkey,2381,26258,"Haluk Bilginer,Melisa Sözen,Demet Akbağ,Ayberk Pekcan,Serhat Kılıç,Tamer Levent,Nejat İşler,Nadir Sarıbacak,Gamze Kuş"
Some Like It Hot,4.16,122,2:02,English,Billy Wilder,1959,"Romance,Music,Crime,Comedy",USA,16390,123546,"Tony Curtis,Jack Lemmon,Marilyn Monroe,George Raft,Pat O’Brien,Joe E. Brown,Nehemiah Persoff,Joan Shawlee,Billy Gray,George E. Stone,Dave Barry,Mike Mazurki,Harry Wilson,Beverly Wills,Barbara Drew,Edward G. Robinson Jr.,Sam Bagley,Alex Ball,Brandon Beach,Phil Bloom,Willie Bloom,Al Breneman,Steve Carruthers,James J. Casino,Noble Chissell,Beulah Christian,Ted Christy,Robert Cole,Marian Collier,Pat Comiskey,Bing Conley,Paul Cristo"
The Man Who Sleeps,4.16,77,1:17,French,Georges Perec,1974,Drama,France,3169,13893,"Jacques Spiesser,Ludmila Mikaël"
